"Sticker ID","Type","Name/Description","Country/Category","Club","Position",DOB
"FWC00","Intro","Panini Logo","Panini","","",""
"FWC1","Intro","Official Tournament Emblem (top)","FIFA World Cup 2026","","",""
"FWC2","Intro","Official Tournament Emblem (bottom)","FIFA World Cup 2026","","",""
"FWC3","Intro","Official Mascots","FIFA World Cup 2026","","",""
"FWC4","Intro","Official Slogan","FIFA World Cup 2026","","",""
"FWC5","Intro","Official Match Ball of FIFA World Cup","FIFA World Cup 2026","","",""
"FWC6","Intro","Host Countries & Cities: Canada","FIFA World Cup 2026","","",""
"FWC7","Intro","Host Countries & Cities: Mexico","FIFA World Cup 2026","","",""
"FWC8","Intro","Host Countries & Cities: USA","FIFA World Cup 2026","","",""
"FWC9","History","Past Champions: Italy 1934 - World Cup History","FIFA Museum","","",""
"FWC10","History","Past Champions: Uruguay 1950 - World Cup History","FIFA Museum","","",""
"FWC11","History","Past Champions: West Germany 1954 - World Cup History","FIFA Museum","","",""
"FWC12","History","Past Champions: Brazil 1962 - World Cup History","FIFA Museum","","",""
"FWC13","History","Past Champions: West Germany 1974 - World Cup History","FIFA Museum","","",""
"FWC14","History","Past Champions: Argentina 1986 - World Cup History","FIFA Museum","","",""
"FWC15","History","Past Champions: Brazil 1994 - World Cup History","FIFA Museum","","",""
"FWC16","History","Past Champions: Brazil 2002 - World Cup History","FIFA Museum","","",""
"FWC17","History","Past Champions: Italy 2006 - World Cup History","FIFA Museum","","",""
"FWC18","History","Past Champions: Germany 2014 - World Cup History","FIFA Museum","","",""
"FWC19","History","Past Champions: Argentina 2022 - World Cup History","FIFA Museum","","",""
"MEX1","Badge","Mexico Team Crest","Mexico","","",""
"MEX2","Player","Luis Malagón","Mexico","Club América","Goalkeeper","1997-03-02"
"MEX3","Player","Johan Vásquez","Mexico","Genoa CFC","Defender","1998-10-22"
"MEX4","Player","Jorge Sánchez","Mexico","PAOK","Defender","1997-12-10"
"MEX5","Player","César Montes","Mexico","Lokomotiv Moscow","Defender","1997-02-24"
"MEX6","Player","Jesús Gallardo","Mexico","Toluca FC","Defender","1994-08-15"
"MEX7","Player","Israel Reyes","Mexico","Club América","Defender","2000-05-23"
"MEX8","Player","Diego Lainez","Mexico","Tigres UANL","Midfielder","2000-06-09"
"MEX9","Player","Carlos Rodríguez","Mexico","Cruz Azul","Midfielder","1997-01-03"
"MEX10","Player","Edson Álvarez","Mexico","Fenerbahçe","Midfielder","1997-10-24"
"MEX11","Player","Orbelín Pineda","Mexico","AEK Athens","Midfielder","1996-03-24"
"MEX12","Player","Marcel Ruiz","Mexico","Toluca FC","Midfielder","2000-10-26"
"MEX13","Photo","Mexico Team Photo","Mexico","","",""
"MEX14","Player","Érick Sánchez","Mexico","Club América","Midfielder","1999-09-27"
"MEX15","Player","Hirving Lozano","Mexico","San Diego FC","Forward","1995-07-30"
"MEX16","Player","Santiago Giménez","Mexico","AC Milan","Forward","2001-04-18"
"MEX17","Player","Raúl Jiménez","Mexico","Wolverhampton Wanderers","Forward","1991-05-05"
"MEX18","Player","Alexis Vega","Mexico","Toluca FC","Midfielder","1997-11-25"
"MEX19","Player","Roberto Alvarado","Mexico","Toluca FC","Midfielder","1998-09-07"
"MEX20","Player","César Huerta","Mexico","Anderlecht","Forward","2000-12-03"
"RSA1","Badge","South Africa Team Crest","South Africa","","",""
"RSA2","Player","Ronwen Williams","South Africa","Mamelodi Sundowns","Goalkeeper","1992-04-21"
"RSA3","Player","Sipho Chaine","South Africa","Orlando Pirates","Goalkeeper","1996-12-14"
"RSA4","Player","Aubrey Modiba","South Africa","Mamelodi Sundowns","Defender","1995-07-22"
"RSA5","Player","Samukele Kabini","South Africa","Orlando Pirates","Defender","2004-03-15"
"RSA6","Player","Mbekezeli Mbokazi","South Africa","Orlando Pirates","Defender","2005-09-19"
"RSA7","Player","Khulumani Ndamane","South Africa","Mamelodi Sundowns","Defender","2004-02-05"
"RSA8","Player","Siyabonga Ngezana","South Africa","FCSB","Defender","1997-07-15"
"RSA9","Player","Khuliso Mudau","South Africa","Mamelodi Sundowns","Defender","1995-04-26"
"RSA10","Player","Nkosinathi Sibisi","South Africa","Orlando Pirates","Defender","1995-09-22"
"RSA11","Player","Teboho Mokoena","South Africa","Mamelodi Sundowns","Midfielder","1997-01-24"
"RSA12","Player","Thalente Mbatha","South Africa","Orlando Pirates","Midfielder","2000-03-06"
"RSA13","Photo","South Africa Team Photo","South Africa","","",""
"RSA14","Player","Bathusi Aubaas","South Africa","Mamelodi Sundowns","Midfielder","1995-05-14"
"RSA15","Player","Yaya Sithole","South Africa","CD Tondela","Midfielder","1999-05-25"
"RSA16","Player","Sipho Mbule","South Africa","Zakho SC","Midfielder","1998-05-22"
"RSA17","Player","Lyle Foster","South Africa","Burnley FC","Forward","2000-09-03"
"RSA18","Player","Iqraam Rayners","South Africa","Mamelodi Sundowns","Forward","1995-12-19"
"RSA19","Player","Mohau Nkota","South Africa","Al-Ettifaq","Midfielder","2004-11-09"
"RSA20","Player","Oswin Appollis","South Africa","Orlando Pirates","Midfielder","2001-08-25"
"KOR1","Badge","South Korea Team Crest","South Korea","","",""
"KOR2","Player","Jo Hyeon-woo","South Korea","Ulsan HD","Goalkeeper","1991-09-25"
"KOR3","Player","Kim Seung-gyu","South Korea","FC Tokyo","Goalkeeper","1990-09-30"
"KOR4","Player","Kim Min-jae","South Korea","Bayern Munich","Defender","1996-11-15"
"KOR5","Player","Cho Yu-min","South Korea","Sharjah FC","Defender","1996-11-17"
"KOR6","Player","Seol Young-woo","South Korea","Crvena zvezda","Defender","1998-12-05"
"KOR7","Player","Lee Han-beom","South Korea","FC Midtjylland","Defender","2002-06-17"
"KOR8","Player","Lee Tae-seok","South Korea","Austria Wien","Defender","2002-07-28"
"KOR9","Player","Lee Myung-jae","South Korea","Daejeon Hana Citizen","Defender","1993-11-04"
"KOR10","Player","Lee Jae-sung","South Korea","1. FSV Mainz 05","Midfielder","1992-08-10"
"KOR11","Player","Hwang In-beom","South Korea","Feyenoord","Midfielder","1996-09-20"
"KOR12","Player","Lee Kang-in","South Korea","Paris Saint-Germain","Midfielder","2001-02-19"
"KOR13","Photo","South Korea Team Photo","South Korea","","",""
"KOR14","Player","Paik Seung-ho","South Korea","Birmingham City","Midfielder","1997-03-17"
"KOR15","Player","Jens Castrop","South Korea","Borussia Mönchengladbach","Midfielder","2003-07-29"
"KOR16","Player","Lee Dong-gyeong","South Korea","Ulsan HD","Midfielder","1997-09-20"
"KOR17","Player","Cho Gue-sung","South Korea","FC Midtjylland","Forward","1998-01-25"
"KOR18","Player","Son Heung-min","South Korea","Los Angeles FC","Forward","1992-07-08"
"KOR19","Player","Hwang Hee-chan","South Korea","Wolverhampton Wanderers","Forward","1996-01-26"
"KOR20","Player","Oh Hyeon-gyu","South Korea","Beşiktaş","Forward","2001-04-26"
"CZE1","Badge","Czechia Team Crest","Czechia","","",""
"CZE2","Player","Matěj Kovář","Czechia","PSV Eindhoven","Goalkeeper","2000-05-17"
"CZE3","Player","Jindřich Staněk","Czechia","Slavia Prague","Goalkeeper","1996-04-27"
"CZE4","Player","Ladislav Krejčí","Czechia","Wolverhampton Wanderers","Defender","1999-04-20"
"CZE5","Player","Vladimír Coufal","Czechia","TSG Hoffenheim","Defender","1992-08-22"
"CZE6","Player","Jaroslav Zelený","Czechia","Sparta Prague","Defender","1992-08-20"
"CZE7","Player","Tomáš Holeš","Czechia","Slavia Prague","Defender","1993-03-31"
"CZE8","Player","David Zima","Czechia","Slavia Prague","Defender","2000-11-08"
"CZE9","Player","Michal Sadílek","Czechia","Slavia Prague","Midfielder","1999-05-31"
"CZE10","Player","Lukáš Provod","Czechia","Slavia Prague","Midfielder","1996-10-23"
"CZE11","Player","Lukáš Červ","Czechia","Viktoria Plzeň","Midfielder","2001-04-17"
"CZE12","Player","Tomáš Souček","Czechia","West Ham United","Midfielder","1995-02-27"
"CZE13","Photo","Czechia Team Photo","Czechia","","",""
"CZE14","Player","Pavel Šulc","Czechia","Olympique Lyonnais","Midfielder","2000-12-29"
"CZE15","Player","Matěj Vydra","Czechia","Viktoria Plzeň","Forward","1992-05-01"
"CZE16","Player","Vasil Kušej","Czechia","Slavia Prague","Forward","2000-05-24"
"CZE17","Player","Tomáš Chorý","Czechia","Slavia Prague","Forward","1995-01-26"
"CZE18","Player","Václav Černý","Czechia","Rangers","Forward","1997-10-17"
"CZE19","Player","Adam Hložek","Czechia","TSG Hoffenheim","Forward","2002-07-25"
"CZE20","Player","Patrik Schick","Czechia","Bayer Leverkusen","Forward","1996-01-24"
"CAN1","Badge","Canada Team Crest","Canada","","",""
"CAN2","Player","Dayne St. Clair","Canada","Inter Miami","Goalkeeper","1997-05-09"
"CAN3","Player","Alphonso Davies","Canada","Bayern Munich","Defender","2000-11-02"
"CAN4","Player","Alistair Johnston","Canada","Celtic","Defender","1998-10-08"
"CAN5","Player","Samuel Adekugbe","Canada","Vancouver Whitecaps","Defender","1995-01-16"
"CAN6","Player","Richie Laryea","Canada","Toronto FC","Defender","1995-01-07"
"CAN7","Player","Derek Cornelius","Canada","Rangers","Defender","1997-11-25"
"CAN8","Player","Moïse Bombito","Canada","OGC Nice","Defender","2000-03-30"
"CAN9","Player","Kamal Miller","Canada","Portland Timbers","Defender","1997-05-16"
"CAN10","Player","Stephen Eustáquio","Canada","Los Angeles FC","Midfielder","1996-12-21"
"CAN11","Player","Ismaël Koné","Canada","Sassuolo","Midfielder","2002-06-16"
"CAN12","Player","Jonathan Osorio","Canada","Toronto FC","Midfielder","1992-06-12"
"CAN13","Photo","Canada Team Photo","Canada","","",""
"CAN14","Player","Jacob Shaffelburg","Canada","Los Angeles FC","Forward","1999-11-26"
"CAN15","Player","Mathieu Choinière","Canada","Los Angeles FC","Midfielder","1999-02-07"
"CAN16","Player","Niko Sigur","Canada","Hajduk Split","Midfielder","2004-05-17"
"CAN17","Player","Tajon Buchanan","Canada","Villarreal CF","Midfielder","1999-02-08"
"CAN18","Player","Liam Millar","Canada","Hull City","Forward","1999-09-27"
"CAN19","Player","Cyle Larin","Canada","Southampton","Forward","1995-04-17"
"CAN20","Player","Jonathan David","Canada","Juventus","Forward","2000-01-14"
"BIH1","Badge","Bosnia and Herzegovina Team Crest","Bosnia and Herzegovina","","",""
"BIH2","Player","Nikola Vasilj","Bosnia and Herzegovina","St. Pauli","Goalkeeper","1995-02-02"
"BIH3","Player","Amar Dedić","Bosnia and Herzegovina","Olympique Marseille","Defender","2002-10-18"
"BIH4","Player","Sead Kolašinac","Bosnia and Herzegovina","Atalanta","Defender","1993-06-20"
"BIH5","Player","Tarik Muharemović","Bosnia and Herzegovina","Leeds United","Defender","2003-02-28"
"BIH6","Player","Nihad Mujakić","Bosnia and Herzegovina","Partizan","Defender","1998-04-19"
"BIH7","Player","Nikola Katić","Bosnia and Herzegovina","FC Zürich","Defender","1996-10-10"
"BIH8","Player","Amir Hadžiahmetović","Bosnia and Herzegovina","Beşiktaş","Midfielder","1997-03-08"
"BIH9","Player","Benjamin Tahirović","Bosnia and Herzegovina","Brøndby","Midfielder","2003-03-03"
"BIH10","Player","Armin Gigović","Bosnia and Herzegovina","Holstein Kiel","Midfielder","2002-03-06"
"BIH11","Player","Ivan Šunjić","Bosnia and Herzegovina","Pafos","Midfielder","1996-11-09"
"BIH12","Player","Ivan Bašić","Bosnia and Herzegovina","VfB Bochum","Midfielder","2002-04-30"
"BIH13","Photo","Bosnia and Herzegovina Team Photo","Bosnia and Herzegovina","","",""
"BIH14","Player","Dženis Burnić","Bosnia and Herzegovina","Karlsruher SC","Midfielder","1998-05-22"
"BIH15","Player","Esmir Bajraktarević","Bosnia and Herzegovina","PSV Eindhoven","Forward","2005-03-10"
"BIH16","Player","Amar Memić","Bosnia and Herzegovina","Viktoria Plzeň","Midfielder","2001-01-20"
"BIH17","Player","Ermedin Demirović","Bosnia and Herzegovina","VfB Stuttgart","Forward","1998-03-25"
"BIH18","Player","Edin Džeko","Bosnia and Herzegovina","Schalke 04","Forward","1986-03-17"
"BIH19","Player","Samed Baždar","Bosnia and Herzegovina","Jagiellonia Białystok","Forward","2004-01-31"
"BIH20","Player","Haris Tabacovič","Bosnia and Herzegovina","Borussia Mönchengladbach","Midfielder","1994-06-20"
"QAT1","Badge","Qatar Team Crest","Qatar","","",""
"QAT2","Player","Meshaal Barsham","Qatar","Al-Sadd","Goalkeeper","1998-02-14"
"QAT3","Player","Sultan Albrake","Qatar","Al-Duhail","Defender","1996-04-07"
"QAT4","Player","Lucas Mendes","Qatar","Al-Wakrah","Defender","1990-07-03"
"QAT5","Player","Homam Ahmed","Qatar","Cultural Leonesa","Defender","1999-08-25"
"QAT6","Player","Boualem Khoukhi","Qatar","Al-Sadd","Defender","1990-07-09"
"QAT7","Player","Pedro Miguel","Qatar","Al-Sadd","Defender","1990-08-06"
"QAT8","Player","Tarek Salman","Qatar","Al-Sadd","Defender","1997-12-05"
"QAT9","Player","Mohammed Mannai","Qatar","Al-Shamal","Midfielder","1998-08-28"
"QAT10","Player","Karim Boudiaf","Qatar","Al-Duhail","Midfielder","1990-09-16"
"QAT11","Player","Assim Madibo","Qatar","Al-Wakrah","Midfielder","1996-06-22"
"QAT12","Player","Hamed Fatehi","Qatar","Al-Arabi","Midfielder","1993-09-18"
"QAT13","Photo","Qatar Team Photo","Qatar","","",""
"QAT14","Player","Mohammed Waad","Qatar","Al-Shamal","Midfielder","1999-09-16"
"QAT15","Player","Abdulaziz Hatem","Qatar","Al-Rayyan","Midfielder","1990-10-28"
"QAT16","Player","Hassan Al-Haydos","Qatar","Al-Sadd","Forward","1990-12-11"
"QAT17","Player","Edmílson Junior","Qatar","Al-Duhail","Forward","1994-08-19"
"QAT18","Player","Akram Hassan Afif","Qatar","Al-Sadd","Forward","1996-11-18"
"QAT19","Player","Ahmed Al-Ganehi","Qatar","Al-Gharafa","Forward","2000-09-22"
"QAT20","Player","Almoez Ali","Qatar","Al-Duhail","Forward","1996-08-19"
"SUI1","Badge","Switzerland Team Crest","Switzerland","","",""
"SUI2","Player","Gregor Kobel","Switzerland","Borussia Dortmund","Goalkeeper","1997-12-06"
"SUI3","Player","Yvon Mvogo","Switzerland","FC Lorient","Goalkeeper","1994-06-06"
"SUI4","Player","Manuel Akanji","Switzerland","Inter Milan","Defender","1995-07-19"
"SUI5","Player","Ricardo Rodríguez","Switzerland","Real Betis","Defender","1992-08-25"
"SUI6","Player","Nico Elvedi","Switzerland","Borussia Mönchengladbach","Defender","1996-09-30"
"SUI7","Player","Aurèle Amenda","Switzerland","Eintracht Frankfurt","Defender","2003-08-31"
"SUI8","Player","Silvan Widmer","Switzerland","1. FSV Mainz 05","Defender","1993-03-05"
"SUI9","Player","Granit Xhaka","Switzerland","Sunderland AFC","Midfielder","1992-09-27"
"SUI10","Player","Denis Zakaria","Switzerland","AS Monaco","Midfielder","1996-11-20"
"SUI11","Player","Remo Freuler","Switzerland","Bologna FC","Midfielder","1992-04-15"
"SUI12","Player","Fabian Rieder","Switzerland","FC Augsburg","Midfielder","2002-02-16"
"SUI13","Photo","Switzerland Team Photo","Switzerland","","",""
"SUI14","Player","Ardon Jashari","Switzerland","AC Milan","Midfielder","2002-07-30"
"SUI15","Player","Johan Manzambi","Switzerland","SC Freiburg","Midfielder","2005-10-14"
"SUI16","Player","Michel Aebischer","Switzerland","Pisa SC","Midfielder","1995-01-06"
"SUI17","Player","Breel Embolo","Switzerland","Stade Rennais","Forward","1997-02-14"
"SUI18","Player","Rubén Vargas","Switzerland","Sevilla FC","Forward","1998-08-05"
"SUI19","Player","Dan Ndoye","Switzerland","Nottingham Forest","Forward","2000-10-25"
"SUI20","Player","Zeki Amdouni","Switzerland","Burnley FC","Forward","2000-12-04"
"BRA1","Badge","Brazil Team Crest","Brazil","","",""
"BRA2","Player","Alisson","Brazil","Liverpool FC","Goalkeeper","1992-10-02"
"BRA3","Player","Bento","Brazil","Al-Nassr","Goalkeeper","1999-06-10"
"BRA4","Player","Marquinhos","Brazil","Paris Saint-Germain","Defender","1994-05-14"
"BRA5","Player","Éder Militão","Brazil","Real Madrid","Defender","1998-01-18"
"BRA6","Player","Gabriel Magalhães","Brazil","Arsenal FC","Defender","1997-12-19"
"BRA7","Player","Danilo","Brazil","Flamengo","Defender","1991-04-29"
"BRA8","Player","Wesley","Brazil","Flamengo","Defender","2003-09-06"
"BRA9","Player","Lucas Paquetá","Brazil","Flamengo","Midfielder","1997-08-27"
"BRA10","Player","Casemiro","Brazil","Manchester United","Midfielder","1992-02-23"
"BRA11","Player","Bruno Guimarães","Brazil","Newcastle United","Midfielder","1997-11-16"
"BRA12","Player","Luiz Henrique","Brazil","Zenit Saint Petersburg","Forward","2000-01-02"
"BRA13","Photo","Brazil Team Photo","Brazil","","",""
"BRA14","Player","Vinícius Júnior","Brazil","Real Madrid","Forward","2000-07-12"
"BRA15","Player","Rodrygo","Brazil","Real Madrid","Forward","2001-01-09"
"BRA16","Player","João Pedro","Brazil","Chelsea","Forward","2001-09-26"
"BRA17","Player","Matheus Cunha","Brazil","Manchester United","Forward","1999-05-27"
"BRA18","Player","Gabriel Martinelli","Brazil","Arsenal FC","Forward","2001-06-18"
"BRA19","Player","Raphinha","Brazil","FC Barcelona","Forward","1996-12-14"
"BRA20","Player","Estêvão","Brazil","Chelsea","Forward","2007-04-24"
"'MAR1","Badge","Morocco Team Crest","Morocco","","",""
"'MAR2","Player","Yassine Bounou","Morocco","Al-Hilal","Goalkeeper","1991-04-05"
"'MAR3","Player","Munir El Kajoui","Morocco","RS Berkane","Goalkeeper","1989-05-10"
"'MAR4","Player","Achraf Hakimi","Morocco","Paris Saint-Germain","Defender","1998-11-04"
"'MAR5","Player","Noussair Mazraoui","Morocco","Manchester United","Defender","1997-11-14"
"'MAR6","Player","Nayef Aguerd","Morocco","Olympique Marseille","Defender","1996-03-30"
"'MAR7","Player","Romain Saïss","Morocco","Al-Sadd","Defender","1990-03-26"
"'MAR8","Player","Jawad El Yamiq","Morocco","Al-Wehda","Defender","1992-02-29"
"'MAR9","Player","Adam Masina","Morocco","Torino FC","Defender","1994-01-02"
"'MAR10","Player","Sofyan Amrabat","Morocco","Real Betis","Midfielder","1996-08-21"
"'MAR11","Player","Azzedine Ounahi","Morocco","Girona FC","Midfielder","2000-04-19"
"'MAR12","Player","Eliesse Ben Seghir","Morocco","Bayer Leverkusen","Forward","2005-02-16"
"'MAR13","Photo","Morocco Team Photo","Morocco","","",""
"'MAR14","Player","Bilal El Khannouss","Morocco","VfB Stuttgart","Midfielder","2004-05-10"
"'MAR15","Player","Ismael Saibari","Morocco","PSV Eindhoven","Forward","2001-01-28"
"'MAR16","Player","Youssef En-Nesyri","Morocco","Al-Ittihad","Forward","1997-06-01"
"'MAR17","Player","Abde Ezzalzouli","Morocco","Real Betis","Forward","2001-12-17"
"'MAR18","Player","Soufiane Rahimi","Morocco","Al-Ain","Forward","1996-06-02"
"'MAR19","Player","Brahim Díaz","Morocco","Real Madrid","Midfielder","1999-08-03"
"'MAR20","Player","Ayoub El Kaabi","Morocco","Olympiacos FC","Forward","1993-06-25"
"HAI1","Badge","Haiti Team Crest","Haiti","","",""
"HAI2","Player","Johny Placide","Haiti","SC Bastia","Goalkeeper","1988-01-29"
"HAI3","Player","Carlens Arcus","Haiti","Angers SCO","Defender","1996-06-28"
"HAI4","Player","Martin Expérience","Haiti","Nancy","Defender","1999-03-09"
"HAI5","Player","Jean-Kévin Duverne","Haiti","KAA Gent","Defender","1997-07-12"
"HAI6","Player","Ricardo Adé","Haiti","LDU Quito","Defender","1990-05-21"
"HAI7","Player","Duke Lacroix","Haiti","Colorado Springs Switchbacks FC","Defender","1993-11-14"
"HAI8","Player","Garven Metusala","Haiti","Colorado Springs Switchbacks FC","Defender","2000-03-16"
"HAI9","Player","Hannes Delcroix","Haiti","Lugano","Defender","1999-02-28"
"HAI10","Player","Leverton Pierre","Haiti","Vizela","Midfielder","1998-07-10"
"HAI11","Player","Danley Jean Jacques","Haiti","Philadelphia Union","Midfielder","2000-05-14"
"HAI12","Player","Jean-Ricner Bellegarde","Haiti","Wolverhampton Wanderers","Midfielder","1998-06-27"
"HAI13","Photo","Haiti Team Photo","Haiti","","",""
"HAI14","Player","Christopher Attys","Haiti","Triestina","Midfielder","2001-03-13"
"HAI15","Player","Derrick Etienne Jr.","Haiti","Toronto FC","Forward","1996-11-25"
"HAI16","Player","Josué Casimir","Haiti","AJ Auxerre","Forward","2001-02-15"
"HAI17","Player","Ruben Providence","Haiti","Almere City","Forward","2001-07-21"
"HAI18","Player","Duckens Nazon","Haiti","Esteghlal FC","Forward","1994-04-07"
"HAI19","Player","Louicius Deedson","Haiti","Odense Boldklub","Forward","2000-02-11"
"HAI20","Player","Frantzdy Pierrot","Haiti","Çaykur Rizespor","Forward","1995-03-29"
"SCO1","Badge","Scotland Team Crest","Scotland","","",""
"SCO2","Player","Angus Gunn","Scotland","Nottingham Forest","Goalkeeper","1996-01-22"
"SCO3","Player","Jack Hendry","Scotland","Al-Ettifaq","Defender","1995-05-07"
"SCO4","Player","Kieran Tierney","Scotland","Celtic","Defender","1997-06-05"
"SCO5","Player","Aaron Hickey","Scotland","Brentford FC","Defender","2002-06-10"
"SCO6","Player","Andrew Robertson","Scotland","Liverpool FC","Defender","1994-03-11"
"SCO7","Player","Scott McKenna","Scotland","Dinamo Zagreb","Defender","1996-11-12"
"SCO8","Player","John Souttar","Scotland","Rangers","Defender","1996-09-25"
"SCO9","Player","Anthony Ralston","Scotland","Celtic","Defender","1998-11-16"
"SCO10","Player","Grant Hanley","Scotland","Hibernian","Defender","1991-11-20"
"SCO11","Player","Scott McTominay","Scotland","SSC Napoli","Midfielder","1996-12-08"
"SCO12","Player","Billy Gilmour","Scotland","SSC Napoli","Midfielder","2001-06-11"
"SCO13","Photo","Scotland Team Photo","Scotland","","",""
"SCO14","Player","Lewis Ferguson","Scotland","Bologna FC","Midfielder","1999-08-24"
"SCO15","Player","Ryan Christie","Scotland","AFC Bournemouth","Midfielder","1995-02-22"
"SCO16","Player","Kenny McLean","Scotland","Norwich City","Midfielder","1992-01-08"
"SCO17","Player","John McGinn","Scotland","Aston Villa","Midfielder","1994-10-18"
"SCO18","Player","Lyndon Dykes","Scotland","Birmingham City","Forward","1995-10-07"
"SCO19","Player","Ché Adams","Scotland","Torino FC","Forward","1996-07-13"
"SCO20","Player","Ben Gannon-Doak","Scotland","AFC Bournemouth","Forward","2005-11-01"
"USA1","Badge","USA Team Crest","United States","","",""
"USA2","Player","Matt Freese","United States","New York City FC","Goalkeeper","1998-09-04"
"USA3","Player","Chris Richards","United States","Crystal Palace","Defender","2000-03-28"
"USA4","Player","Tim Ream","United States","Charlotte FC","Defender","1987-10-05"
"USA5","Player","Mark McKenzie","United States","Toulouse","Defender","1999-02-25"
"USA6","Player","Alex Freeman","United States","Villarreal CF","Defender","2004-11-09"
"USA7","Player","Antonee Robinson","United States","Fulham","Defender","1997-08-08"
"USA8","Player","Tyler Adams","United States","AFC Bournemouth","Midfielder","1999-02-14"
"USA9","Player","Tanner Tessmann","United States","Olympique Lyonnais","Midfielder","2001-09-24"
"USA10","Player","Weston McKennie","United States","Juventus","Midfielder","1998-08-28"
"USA11","Player","Cristian Roldan","United States","Seattle Sounders FC","Midfielder","1995-06-03"
"USA12","Player","Timothy Weah","United States","Olympique Marseille","Forward","2000-02-22"
"USA13","Photo","USA Team Photo","United States","","",""
"USA14","Player","Diego Luna","United States","Real Salt Lake","Midfielder","2003-03-27"
"USA15","Player","Malik Tillman","United States","Bayer Leverkusen","Midfielder","2002-05-28"
"USA16","Player","Christian Pulisic","United States","AC Milan","Forward","1998-09-18"
"USA17","Player","Brenden Aaronson","United States","Leeds United","Midfielder","2000-10-22"
"USA18","Player","Ricardo Pepi","United States","PSV Eindhoven","Forward","2003-01-09"
"USA19","Player","Haji Wright","United States","Coventry City","Forward","1998-03-27"
"USA20","Player","Folarin Balogun","United States","AS Monaco","Forward","2001-07-03"
"PAR1","Badge","Paraguay Team Crest","Paraguay","","",""
"PAR2","Player","Roberto Fernández","Paraguay","Leones del Norte","Goalkeeper","1988-03-04"
"PAR3","Player","Orlando Gill","Paraguay","San Lorenzo","Goalkeeper","2000-03-11"
"PAR4","Player","Gustavo Gómez","Paraguay","Palmeiras","Defender","1993-05-06"
"PAR5","Player","Fabián Balbuena","Paraguay","Grêmio","Defender","1991-08-23"
"PAR6","Player","Juan José Cáceres","Paraguay","Dynamo Moscow","Defender","2000-06-01"
"PAR7","Player","Omar Alderete","Paraguay","Getafe CF","Defender","1996-12-26"
"PAR8","Player","Júnior Alonso","Paraguay","Atlético Mineiro","Defender","1993-02-09"
"PAR9","Player","Mathías Villasanti","Paraguay","Grêmio","Midfielder","1997-01-24"
"PAR10","Player","Diego Gómez","Paraguay","Brighton & Hove Albion","Midfielder","2003-03-27"
"PAR11","Player","Damián Bobadilla","Paraguay","São Paulo","Midfielder","2001-07-11"
"PAR12","Player","Andrés Cubas","Paraguay","Vancouver Whitecaps","Midfielder","1996-05-22"
"PAR13","Photo","Paraguay Team Photo","Paraguay","","",""
"PAR14","Player","Matías Galarza Fonda","Paraguay","Atlanta United","Midfielder","2002-02-11"
"PAR15","Player","Julio Enciso","Paraguay","RC Strasbourg","Forward","2004-01-23"
"PAR16","Player","Alejandro Romero Gamarra","Paraguay","Al-Taawoun","Midfielder","1995-01-11"
"PAR17","Player","Miguel Almirón","Paraguay","Atlanta United","Forward","1994-02-10"
"PAR18","Player","Ramón Sosa","Paraguay","Nottingham Forest","Forward","1999-08-31"
"PAR19","Player","Ángel Romero","Paraguay","Corinthians","Forward","1992-07-04"
"PAR20","Player","Antonio Sanabria","Paraguay","Torino FC","Forward","1996-03-04"
"AUS1","Badge","Australia Team Crest","Australia","","",""
"AUS2","Player","Mathew Ryan","Australia","Levante","Goalkeeper","1992-04-08"
"AUS3","Player","Joe Gauci","Australia","Aston Villa","Goalkeeper","2000-07-04"
"AUS4","Player","Harry Souttar","Australia","Leicester City","Defender","1998-10-22"
"AUS5","Player","Alessandro Circati","Australia","Parma Calcio","Defender","2003-10-10"
"AUS6","Player","Jordan Bos","Australia","Feyenoord","Defender","2002-04-29"
"AUS7","Player","Aziz Behich","Australia","Melbourne City","Defender","1990-12-16"
"AUS8","Player","Cameron Burgess","Australia","Swansea City","Defender","1995-10-21"
"AUS9","Player","Lewis Miller","Australia","Motherwell","Defender","2000-08-24"
"AUS10","Player","Milos Degenek","Australia","APOEL","Defender","1994-04-28"
"AUS11","Player","Jackson Irvine","Australia","St. Pauli","Midfielder","1993-03-07"
"AUS12","Player","Riley McGree","Australia","Middlesbrough FC","Midfielder","1998-11-02"
"AUS13","Photo","Australia Team Photo","Australia","","",""
"AUS14","Player","Aiden O'Neill","Australia","New York City FC","Midfielder","1998-07-04"
"AUS15","Player","Connor Metcalfe","Australia","St. Pauli","Midfielder","1999-11-05"
"AUS16","Player","Patrick Yazbek","Australia","Nashville SC","Midfielder","2002-04-05"
"AUS17","Player","Craig Goodwin","Australia","Al-Wehda","Forward","1991-12-16"
"AUS18","Player","Kusini Yengi","Australia","Machida Zelvia","Forward","1999-01-15"
"AUS19","Player","Nestory Irankunda","Australia","Watford FC","Forward","2006-02-09"
"AUS20","Player","Mohamed Touré","Australia","Norwich City","Forward","2004-03-26"
"TUR1","Badge","Türkiye Team Crest","Türkiye","","",""
"TUR2","Player","Uğurcan Çakır","Türkiye","Galatasaray","Goalkeeper","1996-04-05"
"TUR3","Player","Mert Müldür","Türkiye","Fenerbahçe","Defender","1999-04-03"
"TUR4","Player","ZEKİ ÇELİK","Türkiye","AS Roma","Defender","1997-02-17"
"TUR5","Player","ABDÜLKERİM BARDAKCI","Türkiye","Galatasaray","Defender","1994-09-07"
"TUR6","Player","Çağlar Söyüncü","Türkiye","Fenerbahçe","Defender","1996-05-23"
"TUR7","Player","MERİH DEMİRAL","Türkiye","Al-Ahli Saudi FC","Defender","1998-03-05"
"TUR8","Player","FERDİ KADIOĞLU","Türkiye","Brighton & Hove Albion","Defender","1999-10-07"
"TUR9","Player","Kaan Ayhan","Türkiye","Galatasaray","Midfielder","1994-11-10"
"TUR10","Player","İSMAİL YÜKSEK","Türkiye","Fenerbahçe","Midfielder","1999-01-26"
"TUR11","Player","Hakan Çalhanoğlu","Türkiye","Inter Milan","Midfielder","1994-02-08"
"TUR12","Player","Orkun Kökçü","Türkiye","Beşiktaş","Midfielder","2000-12-29"
"TUR13","Photo","Türkiye Team Photo","Türkiye","","",""
"TUR14","Player","Arda Güler","Türkiye","Real Madrid","Forward","2005-02-25"
"TUR15","Player","İRFAN CAN KAHVECİ","Türkiye","Kasımpaşa","Forward","1995-07-15"
"TUR16","Player","Yunus Akgün","Türkiye","Galatasaray","Forward","2000-07-07"
"TUR17","Player","Can Uzun","Türkiye","Eintracht Frankfurt","Forward","2005-11-11"
"TUR18","Player","Barış Alper Yılmaz","Türkiye","Galatasaray","Forward","2000-05-23"
"TUR19","Player","Kerem Aktürkoğlu","Türkiye","Fenerbahçe","Forward","1998-10-21"
"TUR20","Player","Kenan Yıldız","Türkiye","Juventus","Forward","2005-05-04"
"GER1","Badge","Germany Team Crest","Germany","","",""
"GER2","Player","Marc-André ter Stegen","Germany","FC Barcelona","Goalkeeper","1992-04-30"
"GER3","Player","Jonathan Tah","Germany","Bayern Munich","Defender","1996-02-11"
"GER4","Player","David Raum","Germany","RB Leipzig","Defender","1998-04-22"
"GER5","Player","Nico Schlotterbeck","Germany","Borussia Dortmund","Defender","2000-12-01"
"GER6","Player","Antonio Rüdiger","Germany","Real Madrid","Defender","1993-03-03"
"GER7","Player","Waldemar Anton","Germany","Borussia Dortmund","Defender","1996-07-20"
"GER8","Player","Ridle Baku","Germany","RB Leipzig","Defender","1998-04-08"
"GER9","Player","Maximilian Mittelstädt","Germany","VfB Stuttgart","Defender","1997-03-18"
"GER10","Player","Joshua Kimmich","Germany","Bayern Munich","Midfielder","1995-02-08"
"GER11","Player","Florian Wirtz","Germany","Liverpool FC","Midfielder","2003-05-03"
"GER12","Player","Felix Nmecha","Germany","Borussia Dortmund","Midfielder","2000-10-10"
"GER13","Photo","Germany Team Photo","Germany","","",""
"GER14","Player","Leon Goretzka","Germany","Bayern Munich","Midfielder","1995-02-06"
"GER15","Player","Jamal Musiala","Germany","Bayern Munich","Midfielder","2003-02-26"
"GER16","Player","Serge Gnabry","Germany","Bayern Munich","Forward","1995-07-14"
"GER17","Player","Kai Havertz","Germany","Arsenal FC","Forward","1999-06-11"
"GER18","Player","Leroy Sané","Germany","Galatasaray","Forward","1996-01-11"
"GER19","Player","Karim Adeyemi","Germany","Borussia Dortmund","Forward","2002-01-18"
"GER20","Player","Nick Woltemade","Germany","Newcastle United","Forward","2002-02-14"
"CUW1","Badge","Curaçao Team Crest","Curaçao","","",""
"CUW2","Player","Eloy Room","Curaçao","Miami FC","Goalkeeper","1989-02-06"
"CUW3","Player","Armando Obispo","Curaçao","PSV Eindhoven","Defender","1999-03-05"
"CUW4","Player","Sherel Floranus","Curaçao","PEC Zwolle","Defender","1998-10-11"
"CUW5","Player","Juriën Gaari","Curaçao","Abha Club","Defender","1993-12-23"
"CUW6","Player","Joshua Brenet","Curaçao","Kayserispor","Defender","1994-03-20"
"CUW7","Player","Roshon van Eijma","Curaçao","RKC Waalwijk","Defender","2002-03-04"
"CUW8","Player","Shurandy Sambo","Curaçao","Sparta Rotterdam","Defender","2001-08-19"
"CUW9","Player","Livano Comenencia","Curaçao","FC Zürich","Midfielder","2004-02-03"
"CUW10","Player","Godfried Roemeratoe","Curaçao","RKC Waalwijk","Midfielder","1999-02-19"
"CUW11","Player","Juninho Bacuna","Curaçao","FC Volendam","Midfielder","1997-08-12"
"CUW12","Player","Leandro Bacuna","Curaçao","Iğdır FK","Midfielder","1991-08-21"
"CUW13","Photo","Curaçao Team Photo","Curaçao","","",""
"CUW14","Player","Tahith Chong","Curaçao","Sheffield United","Midfielder","1999-12-04"
"CUW15","Player","Kenji Gorré","Curaçao","Maccabi Haifa","Forward","1994-09-29"
"CUW16","Player","Jearl Margaritha","Curaçao","SK Beveren","Forward","2000-04-01"
"CUW17","Player","Jürgen Locadia","Curaçao","Miami FC","Forward","1993-11-07"
"CUW18","Player","Jeremy Antonisse","Curaçao","AE Kifisia","Forward","2002-02-18"
"CUW19","Player","Gervane Kastaneer","Curaçao","Terengganu FC","Forward","1996-06-09"
"CUW20","Player","Sontje Hansen","Curaçao","Middlesbrough FC","Forward","2002-05-18"
"CIV1","Badge","Côte d'Ivoire Team Crest","Côte d'Ivoire","","",""
"CIV2","Player","Yahia Fofana","Côte d'Ivoire","Angers SCO","Goalkeeper","2000-08-21"
"CIV3","Player","Ghislain Konan","Côte d'Ivoire","Al-Fayha","Defender","1995-12-27"
"CIV4","Player","Wilfried Singo","Côte d'Ivoire","Galatasaray","Defender","2000-12-25"
"CIV5","Player","Odilon Kossounou","Côte d'Ivoire","Atalanta","Defender","2001-01-04"
"CIV6","Player","Evan Ndicka","Côte d'Ivoire","AS Roma","Defender","1999-08-20"
"CIV7","Player","Willy Boly","Côte d'Ivoire","Nottingham Forest","Defender","1991-02-03"
"CIV8","Player","Emmanuel Agbadou","Côte d'Ivoire","Wolverhampton Wanderers","Defender","1997-06-17"
"CIV9","Player","Ousmane Diomande","Côte d'Ivoire","Sporting CP","Defender","2003-12-04"
"CIV10","Player","Franck Kessié","Côte d'Ivoire","Al-Ahli Saudi FC","Midfielder","1996-12-19"
"CIV11","Player","Seko Fofana","Côte d'Ivoire","Stade Rennais","Midfielder","1995-05-13"
"CIV12","Player","Ibrahim Sangaré","Côte d'Ivoire","Nottingham Forest","Midfielder","1997-12-02"
"CIV13","Photo","Côte d'Ivoire Team Photo","Côte d'Ivoire","","",""
"CIV14","Player","Jean-Philippe Gbamin","Côte d'Ivoire","FC Zürich","Midfielder","1995-09-25"
"CIV15","Player","Amad Diallo","Côte d'Ivoire","Manchester United","Forward","2002-07-11"
"CIV16","Player","Sébastien Haller","Côte d'Ivoire","FC Utrecht","Forward","1994-06-22"
"CIV17","Player","Simon Adingra","Côte d'Ivoire","Sunderland AFC","Forward","2002-11-01"
"CIV18","Player","Yan Diomande","Côte d'Ivoire","RB Leipzig","Forward","2005-11-14"
"CIV19","Player","Evann Guessand","Côte d'Ivoire","Aston Villa","Forward","2001-07-01"
"CIV20","Player","Oumar Diakité","Côte d'Ivoire","Stade de Reims","Forward","2003-12-16"
"ECU1","Badge","Ecuador Team Crest","Ecuador","","",""
"ECU2","Player","Hernán Galíndez","Ecuador","Huracán","Goalkeeper","1987-03-30"
"ECU3","Player","Gonzalo Valle","Ecuador","LDU Quito","Goalkeeper","1996-02-28"
"ECU4","Player","Piero Hincapié","Ecuador","Arsenal FC","Defender","2002-01-09"
"ECU5","Player","Pervis Estupiñán","Ecuador","AC Milan","Defender","1998-01-21"
"ECU6","Player","Willian Pacho","Ecuador","Paris Saint-Germain","Defender","2001-10-16"
"ECU7","Player","Ángelo Preciado","Ecuador","Atlético Mineiro","Defender","1998-02-18"
"ECU8","Player","Joel Ordóñez","Ecuador","Club Brugge","Defender","2004-04-21"
"ECU9","Player","Moisés Caicedo","Ecuador","Chelsea","Midfielder","2001-11-02"
"ECU10","Player","Alan Franco","Ecuador","Atlético Mineiro","Midfielder","1998-08-21"
"ECU11","Player","Kendry Páez","Ecuador","River Plate","Midfielder","2007-05-04"
"ECU12","Player","Pedro Vite","Ecuador","Pumas UNAM","Midfielder","2002-03-09"
"ECU13","Photo","Ecuador Team Photo","Ecuador","","",""
"ECU14","Player","John Yeboah","Ecuador","Venezia FC","Forward","2000-12-23"
"ECU15","Player","Leonardo Campana","Ecuador","New England Revolution","Forward","2000-07-24"
"ECU16","Player","Gonzalo Plata","Ecuador","Flamengo","Midfielder","2000-11-01"
"ECU17","Player","Nilson Angulo","Ecuador","Sunderland AFC","Midfielder","2003-06-19"
"ECU18","Player","Alan Minda","Ecuador","Atlético Mineiro","Forward","2003-03-14"
"ECU19","Player","Kevin Rodríguez","Ecuador","Union Saint-Gilloise","Forward","2000-03-04"
"ECU20","Player","Enner Valencia","Ecuador","Pachuca","Forward","1989-11-04"
"NED1","Badge","Netherlands Team Crest","Netherlands","","",""
"NED2","Player","Bart Verbruggen","Netherlands","Brighton & Hove Albion","Goalkeeper","2002-08-18"
"NED3","Player","Virgil van Dijk","Netherlands","Liverpool FC","Defender","1991-07-08"
"NED4","Player","Micky van de Ven","Netherlands","Tottenham Hotspur","Defender","2001-04-19"
"NED5","Player","Jurriën Timber","Netherlands","Arsenal FC","Defender","2001-06-17"
"NED6","Player","Denzel Dumfries","Netherlands","Inter Milan","Defender","1996-04-18"
"NED7","Player","Nathan Aké","Netherlands","Manchester City","Defender","1995-02-18"
"NED8","Player","Jeremie Frimpong","Netherlands","Liverpool FC","Defender","2000-12-10"
"NED9","Player","Jan Paul van Hecke","Netherlands","Brighton & Hove Albion","Defender","2000-06-08"
"NED10","Player","Tijjani Reijnders","Netherlands","Manchester City","Midfielder","1998-07-29"
"NED11","Player","Ryan Gravenberch","Netherlands","Liverpool FC","Midfielder","2002-05-16"
"NED12","Player","Teun Koopmeiners","Netherlands","Juventus","Midfielder","1998-02-28"
"NED13","Photo","Netherlands Team Photo","Netherlands","","",""
"NED14","Player","Frenkie de Jong","Netherlands","FC Barcelona","Midfielder","1997-05-12"
"NED15","Player","Xavi Simons","Netherlands","Tottenham Hotspur","Midfielder","2003-04-21"
"NED16","Player","Justin Kluivert","Netherlands","AFC Bournemouth","Forward","1999-05-05"
"NED17","Player","Memphis Depay","Netherlands","Corinthians","Forward","1994-02-13"
"NED18","Player","Donyell Malen","Netherlands","AS Roma","Forward","1999-01-19"
"NED19","Player","Wout Weghorst","Netherlands","FC Twente","Forward","1992-08-07"
"NED20","Player","Cody Gakpo","Netherlands","Liverpool FC","Forward","1999-05-07"
"JPN1","Badge","Japan Team Crest","Japan","","",""
"JPN2","Player","Zion Suzuki","Japan","Parma Calcio","Goalkeeper","2002-08-21"
"JPN3","Player","Henry Heroki Mochizuki","Japan","VfB Stuttgart","Defender","2001-09-20"
"JPN4","Player","Ayumu Seko","Japan","Grasshopper Club Zürich","Defender","2000-06-07"
"JPN5","Player","Junnosuke Suzuki","Japan","FC København","Defender","2003-07-12"
"JPN6","Player","Shogo Taniguchi","Japan","Sint-Truiden","Defender","1991-07-15"
"JPN7","Player","Tsuyoshi Watanabe","Japan","KAA Gent","Defender","1997-02-05"
"JPN8","Player","Kaishu Sano","Japan","1. FSV Mainz 05","Midfielder","2000-12-30"
"JPN9","Player","Yuki Soma","Japan","Machida Zelvia","Forward","1997-02-25"
"JPN10","Player","Ao Tanaka","Japan","Leeds United","Midfielder","1998-09-10"
"JPN11","Player","Daichi Kamada","Japan","Crystal Palace","Midfielder","1996-08-05"
"JPN12","Player","Takefusa Kubo","Japan","Real Sociedad","Forward","2001-06-04"
"JPN13","Photo","Japan Team Photo","Japan","","",""
"JPN14","Player","Ritsu Doan","Japan","Eintracht Frankfurt","Forward","1998-06-16"
"JPN15","Player","Keito Nakamura","Japan","Stade de Reims","Forward","2000-07-28"
"JPN16","Player","Takumi Minamino","Japan","AS Monaco","Forward","1995-01-16"
"JPN17","Player","Shuto Machino","Japan","Holstein Kiel","Forward","1999-09-30"
"JPN18","Player","Junya Ito","Japan","Stade de Reims","Forward","1993-03-09"
"JPN19","Player","Koki Ogawa","Japan","NEC Nijmegen","Forward","1997-08-08"
"JPN20","Player","Ayase Ueda","Japan","Feyenoord","Forward","1998-08-28"
"SWE1","Badge","Sweden Team Crest","Sweden","","",""
"SWE2","Player","Viktor Johansson","Sweden","Stoke City","Goalkeeper","1998-09-14"
"SWE3","Player","Isak Hien","Sweden","Atalanta","Defender","1999-01-13"
"SWE4","Player","Gabriel Gudmundsson","Sweden","Leeds United","Defender","1999-04-29"
"SWE5","Player","Emil Holm","Sweden","Juventus","Defender","2000-05-13"
"SWE6","Player","Victor Nilsson Lindelöf","Sweden","Aston Villa","Defender","1994-07-17"
"SWE7","Player","Gustaf Lagerbielke","Sweden","SC Braga","Defender","2000-04-10"
"SWE8","Player","Lucas Bergvall","Sweden","Tottenham Hotspur","Midfielder","2006-02-02"
"SWE9","Player","Hugo Larsson","Sweden","Eintracht Frankfurt","Midfielder","2004-06-27"
"SWE10","Player","Jesper Karlström","Sweden","Udinese","Midfielder","1995-06-21"
"SWE11","Player","Yasin Ayari","Sweden","Brighton & Hove Albion","Midfielder","2003-10-06"
"SWE12","Player","Mattias Svanberg","Sweden","VfL Wolfsburg","Midfielder","1999-01-05"
"SWE13","Photo","Sweden Team Photo","Sweden","","",""
"SWE14","Player","Daniel Svensson","Sweden","Borussia Dortmund","Defender","2002-02-12"
"SWE15","Player","Ken Sema","Sweden","Pafos","Midfielder","1993-09-30"
"SWE16","Player","Roony Bardghji","Sweden","FC Barcelona","Forward","2005-11-15"
"SWE17","Player","Dejan Kulusevski","Sweden","Tottenham Hotspur","Midfielder","2000-04-25"
"SWE18","Player","Anthony Elanga","Sweden","Newcastle United","Forward","2002-04-27"
"SWE19","Player","Alexander Isak","Sweden","Liverpool FC","Forward","1999-09-21"
"SWE20","Player","Viktor Gyökeres","Sweden","Arsenal FC","Forward","1998-06-04"
"TUN1","Badge","Tunisia Team Crest","Tunisia","","",""
"TUN2","Player","Bechir Ben Saïd","Tunisia","Espérance de Tunis","Goalkeeper","1994-11-29"
"TUN3","Player","Aymen Dahmen","Tunisia","CS Sfaxien","Goalkeeper","1997-01-28"
"TUN4","Player","Yan Valery","Tunisia","Sheffield Wednesday","Defender","1999-02-22"
"TUN5","Player","Montassar Talbi","Tunisia","FC Lorient","Defender","1998-05-26"
"TUN6","Player","Yassine Meriah","Tunisia","Espérance de Tunis","Defender","1993-07-02"
"TUN7","Player","Ali Abdi","Tunisia","OGC Nice","Defender","1993-12-20"
"TUN8","Player","Dylan Bronn","Tunisia","Servette FC","Defender","1995-06-19"
"TUN9","Player","Ellyes Skhiri","Tunisia","Eintracht Frankfurt","Midfielder","1995-05-10"
"TUN10","Player","Aïssa Laïdouni","Tunisia","Al-Wakrah","Midfielder","1996-12-13"
"TUN11","Player","Ferjani Sassi","Tunisia","Al-Gharafa","Midfielder","1992-03-18"
"TUN12","Player","Mohamed Ali Ben Romdhane","Tunisia","Al Ahly SC","Midfielder","1999-09-06"
"TUN13","Photo","Tunisia Team Photo","Tunisia","","",""
"TUN14","Player","Hannibal Mejbri","Tunisia","Burnley FC","Midfielder","2003-01-21"
"TUN15","Player","Elias Achouri","Tunisia","FC København","Forward","1999-02-10"
"TUN16","Player","Elias Saad","Tunisia","FC Augsburg","Forward","1999-12-27"
"TUN17","Player","Hazem Mastouri","Tunisia","Dynamo Makhachkala","Forward","1997-06-18"
"TUN18","Player","Ismaël Gharbi","Tunisia","FC Augsburg","Forward","2004-04-10"
"TUN19","Player","Sayfallah Ltaief","Tunisia","FC Twente","Forward","2000-04-22"
"TUN20","Player","Naïm Sliti","Tunisia","Al-Shamal","Forward","1992-07-27"
"BEL1","Badge","Belgium Team Crest","Belgium","","",""
"BEL2","Player","Thibaut Courtois","Belgium","Real Madrid","Goalkeeper","1992-05-11"
"BEL3","Player","Arthur Theate","Belgium","Eintracht Frankfurt","Defender","2000-05-25"
"BEL4","Player","Timothy Castagne","Belgium","Fulham","Defender","1995-12-05"
"BEL5","Player","Zeno Debast","Belgium","Sporting CP","Defender","2003-10-24"
"BEL6","Player","Brandon Mechele","Belgium","Club Brugge","Defender","1993-01-28"
"BEL7","Player","Maxim De Cuyper","Belgium","Club Brugge","Defender","2000-12-22"
"BEL8","Player","Thomas Meunier","Belgium","LOSC Lille","Defender","1991-09-12"
"BEL9","Player","Youri Tielemans","Belgium","Aston Villa","Midfielder","1997-05-07"
"BEL10","Player","Amadou Onana","Belgium","Aston Villa","Midfielder","2001-08-16"
"BEL11","Player","Nicolas Raskin","Belgium","Rangers","Midfielder","2001-02-23"
"BEL12","Player","Alexis Saelemaekers","Belgium","AS Roma","Forward","1999-06-27"
"BEL13","Photo","Belgium Team Photo","Belgium","","",""
"BEL14","Player","Hans Vanaken","Belgium","Club Brugge","Midfielder","1992-08-24"
"BEL15","Player","Kevin De Bruyne","Belgium","Manchester City","Midfielder","1991-06-28"
"BEL16","Player","Jérémy Doku","Belgium","Manchester City","Forward","2002-05-27"
"BEL17","Player","Charles De Ketelaere","Belgium","Atalanta","Forward","2001-03-10"
"BEL18","Player","Leandro Trossard","Belgium","Arsenal FC","Forward","1994-12-04"
"BEL19","Player","Loïs Openda","Belgium","RB Leipzig","Forward","2000-02-16"
"BEL20","Player","Romelu Lukaku","Belgium","SSC Napoli","Forward","1993-05-13"
"EGY1","Badge","Egypt Team Crest","Egypt","","",""
"EGY2","Player","Mohamed El Shenawy","Egypt","Al Ahly SC","Goalkeeper","1988-12-18"
"EGY3","Player","Mohamed Hany","Egypt","Al Ahly SC","Defender","1996-02-02"
"EGY4","Player","Mohamed Hamdy","Egypt","Zamalek SC","Defender","1995-03-15"
"EGY5","Player","Yasser Ibrahim","Egypt","Al Ahly SC","Defender","1993-02-10"
"EGY6","Player","Khaled Sobhi","Egypt","Ceramica Cleopatra FC","Defender","1995-05-04"
"EGY7","Player","Ramy Rabia","Egypt","Al Ahly SC","Defender","1993-05-20"
"EGY8","Player","Hossam Abdelmaguid","Egypt","Zamalek SC","Defender","2001-04-30"
"EGY9","Player","Ahmed Fatouh","Egypt","Zamalek SC","Defender","1998-03-22"
"EGY10","Player","Marwan Attia","Egypt","Al Ahly SC","Midfielder","1998-08-12"
"EGY11","Player","Zizo","Egypt","Zamalek SC","Forward","1996-01-10"
"EGY12","Player","Hamdy Fathy","Egypt","Al-Wakrah","Midfielder","1994-09-29"
"EGY13","Photo","Egypt Team Photo","Egypt","","",""
"EGY14","Player","Mohanad Lasheen","Egypt","Pyramids FC","Midfielder","1996-05-29"
"EGY15","Player","Emam Ashour","Egypt","Al Ahly SC","Midfielder","1998-02-20"
"EGY16","Player","Osama Faisal","Egypt","National Bank of Egypt SC","Forward","2001-07-01"
"EGY17","Player","Mohamed Salah","Egypt","Liverpool FC","Forward","1992-06-15"
"EGY18","Player","Mostafa Mohamed","Egypt","FC Nantes","Forward","1997-11-28"
"EGY19","Player","Trézéguet","Egypt","Al-Rayyan","Forward","1994-10-01"
"EGY20","Player","Omar Marmoush","Egypt","Manchester City","Forward","1999-02-07"
"IRN1","Badge","Iran Team Crest","Iran","","",""
"IRN2","Player","Alireza Beiranvand","Iran","Tractor SC","Goalkeeper","1992-09-21"
"IRN3","Player","Morteza Pouraliganji","Iran","Persepolis FC","Defender","1992-04-25"
"IRN4","Player","Ehsan Hajsafi","Iran","Sepahan SC","Defender","1990-02-25"
"IRN5","Player","Milad Mohammadi","Iran","Persepolis FC","Defender","1993-09-29"
"IRN6","Player","Shojae Khalilzadeh","Iran","Tractor SC","Defender","1989-05-14"
"IRN7","Player","Ramin Rezaeian","Iran","Esteghlal FC","Defender","1990-03-21"
"IRN8","Player","Hossein Kanaani","Iran","Persepolis FC","Defender","1994-03-23"
"IRN9","Player","Sadegh Moharrami","Iran","Tractor SC","Defender","1996-03-01"
"IRN10","Player","Saleh Hardani","Iran","Esteghlal FC","Defender","1998-12-26"
"IRN11","Player","Saeed Ezatolahi","Iran","Shabab Al-Ahli","Midfielder","1996-10-01"
"IRN12","Player","Saman Ghoddos","Iran","Kalba FC","Midfielder","1993-09-06"
"IRN13","Photo","Iran Team Photo","Iran","","",""
"IRN14","Player","Omid Noorafkan","Iran","Sepahan SC","Midfielder","1997-04-09"
"IRN15","Player","Roozbeh Cheshmi","Iran","Esteghlal FC","Midfielder","1993-07-24"
"IRN16","Player","Mohammad Mohebi","Iran","FC Rostov","Forward","1998-12-20"
"IRN17","Player","Sardar Azmoun","Iran","Shabab Al-Ahli","Forward","1995-01-01"
"IRN18","Player","Mehdi Taremi","Iran","Olympiacos FC","Forward","1992-07-18"
"IRN19","Player","Alireza Jahanbakhsh","Iran","FCV Dender EH","Forward","1993-10-08"
"IRN20","Player","Ali Gholizadeh","Iran","Lech Poznań","Forward","1996-03-10"
"NZL1","Badge","New Zealand Team Crest","New Zealand","","",""
"NZL2","Player","Max Crocombe","New Zealand","Millwall FC","Goalkeeper","1993-08-12"
"NZL3","Player","Alex Paulsen","New Zealand","Lechia Gdańsk","Goalkeeper","2002-07-04"
"NZL4","Player","Michael Boxall","New Zealand","Minnesota United FC","Defender","1988-08-18"
"NZL5","Player","Liberato Cacace","New Zealand","Wrexham AFC","Defender","2000-09-27"
"NZL6","Player","Tim Payne","New Zealand","Wellington Phoenix","Defender","1994-01-10"
"NZL7","Player","Tyler Bindon","New Zealand","Nottingham Forest","Defender","2005-01-27"
"NZL8","Player","Francis de Vries","New Zealand","Auckland FC","Defender","1994-11-28"
"NZL9","Player","Finn Surman","New Zealand","Portland Timbers","Defender","2003-03-23"
"NZL10","Player","Joe Bell","New Zealand","Viking FK","Midfielder","1998-04-26"
"NZL11","Player","Sarpreet Singh","New Zealand","Wellington Phoenix","Midfielder","1999-02-20"
"NZL12","Player","Ryan Thomas","New Zealand","PEC Zwolle","Midfielder","1994-12-20"
"NZL13","Photo","New Zealand Team Photo","New Zealand","","",""
"NZL14","Player","Matthew Garbett","New Zealand","Peterborough United","Midfielder","2002-04-13"
"NZL15","Player","Marko Stamenić","New Zealand","Swansea City","Midfielder","2002-02-19"
"NZL16","Player","Ben Old","New Zealand","Saint-Étienne","Defender","2002-08-13"
"NZL17","Player","Chris Wood","New Zealand","Nottingham Forest","Forward","1991-12-07"
"NZL18","Player","Elijah Just","New Zealand","Motherwell","Forward","2000-05-01"
"NZL19","Player","Callum McCowatt","New Zealand","Silkeborg IF","Forward","1999-04-30"
"NZL20","Player","Kosta Barbarouses","New Zealand","Western Sydney Wanderers","Forward","1990-02-19"
"ESP1","Badge","Spain Team Crest","Spain","","",""
"ESP2","Player","Unai Simón","Spain","Athletic Club","Goalkeeper","1997-06-11"
"ESP3","Player","Robin Le Normand","Spain","Atlético Madrid","Defender","1996-11-11"
"ESP4","Player","Aymeric Laporte","Spain","Al-Nassr","Defender","1994-05-27"
"ESP5","Player","Dean Huijsen","Spain","Real Madrid","Defender","2005-04-14"
"ESP6","Player","Pedro Porro","Spain","Tottenham Hotspur","Defender","1999-09-13"
"ESP7","Player","Dani Carvajal","Spain","Real Madrid","Defender","1992-01-11"
"ESP8","Player","Marc Cucurella","Spain","Chelsea","Defender","1998-07-22"
"ESP9","Player","Martín Zubimendi","Spain","Arsenal FC","Midfielder","1999-02-02"
"ESP10","Player","Rodri","Spain","Manchester City","Midfielder","1996-06-22"
"ESP11","Player","Pedri","Spain","FC Barcelona","Midfielder","2002-11-25"
"ESP12","Player","Fabián Ruiz","Spain","Paris Saint-Germain","Midfielder","1996-08-03"
"ESP13","Photo","Spain Team Photo","Spain","","",""
"ESP14","Player","Mikel Merino","Spain","Arsenal FC","Midfielder","1996-06-22"
"ESP15","Player","Lamine Yamal","Spain","FC Barcelona","Forward","2007-07-13"
"ESP16","Player","Dani Olmo","Spain","FC Barcelona","Midfielder","1998-05-07"
"ESP17","Player","Nico Williams","Spain","Athletic Club","Forward","2002-07-12"
"ESP18","Player","Ferran Torres","Spain","FC Barcelona","Forward","2000-02-29"
"ESP19","Player","Álvaro Morata","Spain","Como 1907","Forward","1992-10-23"
"ESP20","Player","Mikel Oyarzabal","Spain","Real Sociedad","Forward","1997-04-21"
"CPV1","Badge","Cape Verde Team Crest","Cape Verde","","",""
"CPV2","Player","Vozinha","Cape Verde","Chaves","Goalkeeper","1986-02-03"
"CPV3","Player","Logan Costa","Cape Verde","Villarreal CF","Defender","2001-04-01"
"CPV4","Player","Pico","Cape Verde","Shamrock Rovers","Defender","1992-10-17"
"CPV5","Player","Diney","Cape Verde","Al Bataeh","Defender","1995-01-17"
"CPV6","Player","Steven Moreira","Cape Verde","Columbus Crew","Defender","1994-08-13"
"CPV7","Player","Wagner Pina","Cape Verde","Trabzonspor","Defender","2002-11-03"
"CPV8","Player","João Paulo","Cape Verde","FCSB","Defender","1996-12-07"
"CPV9","Player","Yannick Semedo","Cape Verde","Farense","Midfielder","1996-09-28"
"CPV10","Player","Kevin Pina","Cape Verde","Krasnodar","Midfielder","2003-01-27"
"CPV11","Player","Patrick Andrade","Cape Verde","Esteghlal FC","Midfielder","1993-02-09"
"CPV12","Player","Jamiro Monteiro","Cape Verde","PEC Zwolle","Midfielder","1993-11-23"
"CPV13","Photo","Cape Verde Team Photo","Cape Verde","","",""
"CPV14","Player","Deroy Duarte","Cape Verde","Ludogorets Razgrad","Midfielder","1999-07-04"
"CPV15","Player","Garry Rodrigues","Cape Verde","Apollon Limassol","Forward","1990-11-27"
"CPV16","Player","Jovane Cabral","Cape Verde","Estrela Amadora","Forward","1998-06-14"
"CPV17","Player","Ryan Mendes","Cape Verde","Iğdır FK","Forward","1990-01-08"
"CPV18","Player","Dailon Livramento","Cape Verde","Casa Pia","Forward","2001-05-04"
"CPV19","Player","Willy Semedo","Cape Verde","Omonia","Forward","1994-04-27"
"CPV20","Player","Bebé","Cape Verde","Rayo Vallecano","Forward","1990-07-12"
"KSA1","Badge","Saudi Arabia Team Crest","Saudi Arabia","","",""
"KSA2","Player","Nawaf Alaqidi","Saudi Arabia","Al-Nassr","Goalkeeper","2000-05-10"
"KSA3","Player","Abdulrahman Alsanbi","Saudi Arabia","Al-Ahli Saudi FC","Goalkeeper","1997-02-21"
"KSA4","Player","Saud Abdulhamid","Saudi Arabia","Al-Hilal","Defender","1999-07-18"
"KSA5","Player","Nawaf Buwashl","Saudi Arabia","Al-Nassr","Defender","1999-09-16"
"KSA6","Player","Jehad Thikri","Saudi Arabia","Al-Qadsiah","Defender","2001-07-21"
"KSA7","Player","Moteb Alharbi","Saudi Arabia","Al-Hilal","Defender","2000-02-19"
"KSA8","Player","Hassan Altambakti","Saudi Arabia","Al-Hilal","Defender","1999-02-09"
"KSA9","Player","Musab Aljuwayr","Saudi Arabia","Al-Qadsiah","Midfielder","2003-06-20"
"KSA10","Player","Ziyad Aljohani","Saudi Arabia","Al-Ahli Saudi FC","Midfielder","2001-11-11"
"KSA11","Player","Abdullah Alkhaibari","Saudi Arabia","Al-Nassr","Midfielder","1996-08-15"
"KSA12","Player","Nasser Aldawsari","Saudi Arabia","Al-Hilal","Midfielder","1998-12-19"
"KSA13","Photo","Saudi Arabia Team Photo","Saudi Arabia","","",""
"KSA14","Player","Saleh Abu Alshamat","Saudi Arabia","Al-Qadsiah","Forward","2002-09-14"
"KSA15","Player","Marwan Alsahafi","Saudi Arabia","Beerschot","Forward","2004-02-17"
"KSA16","Player","Salem Aldawsari","Saudi Arabia","Al-Hilal","Forward","1991-08-19"
"KSA17","Player","Abdulrahman Alobud","Saudi Arabia","Al-Ittihad","Forward","1995-06-01"
"KSA18","Player","Feras Albrikan","Saudi Arabia","Al-Ahli Saudi FC","Forward","2000-05-14"
"KSA19","Player","Saleh Alshehri","Saudi Arabia","Al-Ittihad","Forward","1993-11-01"
"KSA20","Player","Abdullah Alhamdan","Saudi Arabia","Al-Nassr","Forward","1999-09-13"
"URU1","Badge","Uruguay Team Crest","Uruguay","","",""
"URU2","Player","Sergio Rochet","Uruguay","Internacional","Goalkeeper","1993-03-23"
"URU3","Player","Santiago Mele","Uruguay","CF Monterrey","Goalkeeper","1997-09-06"
"URU4","Player","Ronald Araújo","Uruguay","FC Barcelona","Defender","1999-03-07"
"URU5","Player","José María Giménez","Uruguay","Atlético Madrid","Defender","1995-01-20"
"URU6","Player","Sebastián Cáceres","Uruguay","Club América","Defender","1999-08-18"
"URU7","Player","Mathías Olivera","Uruguay","SSC Napoli","Defender","1997-10-31"
"URU8","Player","Guillermo Varela","Uruguay","Flamengo","Defender","1993-03-24"
"URU9","Player","Nahitan Nández","Uruguay","Al-Qadsiah","Defender","1995-12-28"
"URU10","Player","Federico Valverde","Uruguay","Real Madrid","Midfielder","1998-07-22"
"URU11","Player","Giorgian de Arrascaeta","Uruguay","Flamengo","Midfielder","1994-06-01"
"URU12","Player","Rodrigo Bentancur","Uruguay","Tottenham Hotspur","Midfielder","1997-06-25"
"URU13","Photo","Uruguay Team Photo","Uruguay","","",""
"URU14","Player","Manuel Ugarte","Uruguay","Manchester United","Midfielder","2001-04-11"
"URU15","Player","Nicolás de la Cruz","Uruguay","Flamengo","Midfielder","1997-06-01"
"URU16","Player","Maximiliano Araújo","Uruguay","Sporting CP","Forward","2000-02-15"
"URU17","Player","Darwin Núñez","Uruguay","Al-Hilal","Forward","1999-06-24"
"URU18","Player","Federico Viñas","Uruguay","Real Oviedo","Forward","1998-11-30"
"URU19","Player","Rodrigo Aguirre","Uruguay","Tigres UANL","Forward","1994-10-01"
"URU20","Player","Facundo Pellistri","Uruguay","Panathinaikos","Forward","2001-12-20"
"FRA1","Badge","France Team Crest","France","","",""
"FRA2","Player","Mike Maignan","France","AC Milan","Goalkeeper","1995-07-03"
"FRA3","Player","Théo Hernández","France","AC Milan","Defender","1997-10-06"
"FRA4","Player","William Saliba","France","Arsenal FC","Defender","2001-03-24"
"FRA5","Player","Jules Koundé","France","FC Barcelona","Defender","1998-11-12"
"FRA6","Player","Ibrahima Konaté","France","Liverpool FC","Defender","1999-05-25"
"FRA7","Player","Dayot Upamecano","France","Bayern Munich","Defender","1998-10-27"
"FRA8","Player","Lucas Digne","France","Aston Villa","Defender","1993-07-20"
"FRA9","Player","Aurélien Tchouaméni","France","Real Madrid","Midfielder","2000-01-27"
"FRA10","Player","Eduardo Camavinga","France","Real Madrid","Midfielder","2002-11-10"
"FRA11","Player","Manu Koné","France","AS Roma","Midfielder","2001-05-17"
"FRA12","Player","Adrien Rabiot","France","Olympique Marseille","Midfielder","1995-04-03"
"FRA13","Photo","France Team Photo","France","","",""
"FRA14","Player","Michael Olise","France","Bayern Munich","Forward","2001-12-12"
"FRA15","Player","Ousmane Dembélé","France","Paris Saint-Germain","Forward","1997-05-15"
"FRA16","Player","Bradley Barcola","France","Paris Saint-Germain","Forward","2002-09-02"
"FRA17","Player","Désiré Doué","France","Paris Saint-Germain","Forward","2005-06-03"
"FRA18","Player","Kingsley Coman","France","Bayern Munich","Forward","1996-06-13"
"FRA19","Player","Hugo Ekitiké","France","Eintracht Frankfurt","Forward","2002-06-20"
"FRA20","Player","Kylian Mbappé","France","Real Madrid","Forward","1998-12-20"
"SEN1","Badge","Senegal Team Crest","Senegal","","",""
"SEN2","Player","Édouard Mendy","Senegal","Al-Ahli Saudi FC","Goalkeeper","1992-03-01"
"SEN3","Player","Yehvann Diouf","Senegal","Stade de Reims","Goalkeeper","1999-11-07"
"SEN4","Player","Moussa Niakhaté","Senegal","Nottingham Forest","Defender","1996-03-08"
"SEN5","Player","Abdoulaye Seck","Senegal","Maccabi Haifa","Defender","1992-03-04"
"SEN6","Player","Ismail Jakobs","Senegal","Galatasaray","Defender","1999-08-17"
"SEN7","Player","El Hadji Malick Diouf","Senegal","Slavia Prague","Defender","2004-12-28"
"SEN8","Player","Kalidou Koulibaly","Senegal","Al-Hilal","Defender","1991-06-20"
"SEN9","Player","Idrissa Gana Gueye","Senegal","Everton","Midfielder","1989-09-26"
"SEN10","Player","Pape Matar Sarr","Senegal","Tottenham Hotspur","Midfielder","2002-09-14"
"SEN11","Player","Pape Gueye","Senegal","Villarreal CF","Midfielder","1999-01-24"
"SEN12","Player","Habib Diarra","Senegal","RC Strasbourg","Midfielder","2004-01-03"
"SEN13","Photo","Senegal Team Photo","Senegal","","",""
"SEN14","Player","Lamine Camara","Senegal","AS Monaco","Midfielder","2004-01-01"
"SEN15","Player","Sadio Mané","Senegal","Al-Nassr","Forward","1992-04-10"
"SEN16","Player","Ismaïla Sarr","Senegal","Crystal Palace","Forward","1998-02-25"
"SEN17","Player","Boulaye Dia","Senegal","Lazio","Forward","1996-11-16"
"SEN18","Player","Iliman Ndiaye","Senegal","Everton","Forward","2000-03-06"
"SEN19","Player","Nicolas Jackson","Senegal","Chelsea","Forward","2001-06-20"
"SEN20","Player","Krépin Diatta","Senegal","AS Monaco","Defender","1999-02-25"
"IRQ1","Badge","Iraq Team Crest","Iraq","","",""
"IRQ2","Player","Jalal Hassan","Iraq","Al-Zawraa","Goalkeeper","1991-05-18"
"IRQ3","Player","Rebin Sulaka","Iraq","Bangkok United","Defender","1992-04-12"
"IRQ4","Player","Hussein Ali","Iraq","Al-Shorta","Defender","2002-03-01"
"IRQ5","Player","Akam Hashem","Iraq","Al-Zawraa","Defender","1998-08-16"
"IRQ6","Player","Merchas Doski","Iraq","FC Utrecht","Defender","1999-12-07"
"IRQ7","Player","Zaid Tahseen","Iraq","Pakhtakor","Defender","2001-01-29"
"IRQ8","Player","Manaf Younis","Iraq","Al-Shorta","Defender","1996-11-16"
"IRQ9","Player","Zidane Iqbal","Iraq","FC Utrecht","Midfielder","2003-04-27"
"IRQ10","Player","Amir Al-Ammari","Iraq","Cracovia","Midfielder","1997-07-27"
"IRQ11","Player","Ibrahim Bayesh","Iraq","Al-Shorta","Midfielder","2000-05-01"
"IRQ12","Player","Ali Jasim","Iraq","Como 1907","Forward","2004-01-20"
"IRQ13","Photo","Iraq Team Photo","Iraq","","",""
"IRQ14","Player","Youssef Amyn","Iraq","AEK Larnaca","Midfielder","2003-08-21"
"IRQ15","Player","Aimar Sher","Iraq","Sarpsborg","Midfielder","2002-12-20"
"IRQ16","Player","Marko Farji","Iraq","Strømsgodset","Midfielder","2004-03-16"
"IRQ17","Player","Osama Rashid","Iraq","Deportivo La Coruña","Midfielder","1992-01-17"
"IRQ18","Player","Ali Al-Hamadi","Iraq","Ipswich Town","Forward","2002-03-01"
"IRQ19","Player","Aymen Hussein","Iraq","Al-Karma","Forward","1996-03-22"
"IRQ20","Player","Mohanad Ali","Iraq","Dibba","Forward","2000-06-20"
"NOR1","Badge","Norway Team Crest","Norway","","",""
"NOR2","Player","Ørjan Nyland","Norway","Sevilla FC","Goalkeeper","1990-09-10"
"NOR3","Player","Julian Ryerson","Norway","Borussia Dortmund","Defender","1997-11-17"
"NOR4","Player","Leo Østigård","Norway","Stade Rennais","Defender","1999-11-28"
"NOR5","Player","Kristoffer Vassbakk Ajer","Norway","Brentford FC","Defender","1998-04-17"
"NOR6","Player","Marcus Holmgren Pedersen","Norway","Torino FC","Defender","2000-07-16"
"NOR7","Player","David Møller Wolfe","Norway","AZ Alkmaar","Defender","2002-04-23"
"NOR8","Player","Torbjørn Heggem","Norway","West Bromwich Albion","Defender","1999-01-12"
"NOR9","Player","Morten Thorsby","Norway","Genoa CFC","Midfielder","1996-05-05"
"NOR10","Player","Martin Ødegaard","Norway","Arsenal FC","Midfielder","1998-12-17"
"NOR11","Player","Sander Berge","Norway","Fulham","Midfielder","1998-02-14"
"NOR12","Player","Andreas Schjelderup","Norway","SL Benfica","Forward","2004-06-01"
"NOR13","Photo","Norway Team Photo","Norway","","",""
"NOR14","Player","Patrick Berg","Norway","Bodø/Glimt","Midfielder","1997-11-24"
"NOR15","Player","Erling Haaland","Norway","Manchester City","Forward","2000-07-21"
"NOR16","Player","Alexander Sørloth","Norway","Atlético Madrid","Forward","1995-12-05"
"NOR17","Player","Aron Dønnum","Norway","Toulouse","Forward","1998-04-20"
"NOR18","Player","Jørgen Strand Larsen","Norway","Wolverhampton Wanderers","Forward","2000-02-06"
"NOR19","Player","Antonio Nusa","Norway","RB Leipzig","Forward","2005-04-17"
"NOR20","Player","Oscar Bobb","Norway","Manchester City","Forward","2003-07-12"
"ARG1","Badge","Argentina Team Crest","Argentina","","",""
"ARG2","Player","Emiliano Martínez","Argentina","Aston Villa","Goalkeeper","1992-09-02"
"ARG3","Player","Nahuel Molina","Argentina","Atlético Madrid","Defender","1998-04-06"
"ARG4","Player","Cristian Romero","Argentina","Tottenham Hotspur","Defender","1998-04-27"
"ARG5","Player","Nicolás Otamendi","Argentina","SL Benfica","Defender","1988-02-12"
"ARG6","Player","Nicolás Tagliafico","Argentina","Olympique Lyonnais","Defender","1992-08-31"
"ARG7","Player","Leonardo Balerdi","Argentina","Olympique Marseille","Defender","1999-01-26"
"ARG8","Player","Enzo Fernández","Argentina","Chelsea","Midfielder","2001-01-17"
"ARG9","Player","Alexis Mac Allister","Argentina","Liverpool FC","Midfielder","1998-12-24"
"ARG10","Player","Rodrigo De Paul","Argentina","Atlético Madrid","Midfielder","1994-05-24"
"ARG11","Player","Exequiel Palacios","Argentina","Bayer Leverkusen","Midfielder","1998-10-05"
"ARG12","Player","Leandro Paredes","Argentina","AS Roma","Midfielder","1994-06-29"
"ARG13","Photo","Argentina Team Photo","Argentina","","",""
"ARG14","Player","Nico Paz","Argentina","Como 1907","Midfielder","2004-09-08"
"ARG15","Player","Franco Mastantuono","Argentina","River Plate","Midfielder","2007-08-14"
"ARG16","Player","Nicolás González","Argentina","Juventus","Forward","1998-04-06"
"ARG17","Player","Lionel Messi","Argentina","Inter Miami","Forward","1987-06-24"
"ARG18","Player","Lautaro Martínez","Argentina","Inter Milan","Forward","1997-08-22"
"ARG19","Player","Julián Álvarez","Argentina","Atlético Madrid","Forward","2000-01-31"
"ARG20","Player","Giuliano Simeone","Argentina","Atlético Madrid","Forward","2002-12-18"
"ALG1","Badge","Algeria Team Crest","Algeria","","",""
"ALG2","Player","Alexis Guendouz","Algeria","Persepolis FC","Goalkeeper","1996-01-26"
"ALG3","Player","Ramy Bensebaini","Algeria","Borussia Dortmund","Defender","1995-04-16"
"ALG4","Player","Youcef Atal","Algeria","Al-Sadd","Defender","1996-05-17"
"ALG5","Player","Rayan Aït-Nouri","Algeria","Manchester City","Defender","2001-06-06"
"ALG6","Player","Mohamed Amine Tougai","Algeria","Espérance de Tunis","Defender","2000-01-22"
"ALG7","Player","Aïssa Mandi","Algeria","LOSC Lille","Defender","1991-10-22"
"ALG8","Player","Ismaël Bennacer","Algeria","Olympique Marseille","Midfielder","1997-12-01"
"ALG9","Player","Houssem Aouar","Algeria","Al-Ittihad","Midfielder","1998-06-30"
"ALG10","Player","Hicham Boudaoui","Algeria","OGC Nice","Midfielder","1999-09-23"
"ALG11","Player","Ramiz Zerrouki","Algeria","Feyenoord","Midfielder","1998-05-26"
"ALG12","Player","Nabil Bentaleb","Algeria","LOSC Lille","Midfielder","1994-11-24"
"ALG13","Photo","Algeria Team Photo","Algeria","","",""
"ALG14","Player","Farès Chaïbi","Algeria","Eintracht Frankfurt","Midfielder","2002-11-28"
"ALG15","Player","Riyad Mahrez","Algeria","Al-Ahli Saudi FC","Forward","1991-02-21"
"ALG16","Player","Saïd Benrahma","Algeria","NEOM SC","Forward","1995-08-10"
"ALG17","Player","Anis Hadj Moussa","Algeria","Feyenoord","Forward","2002-02-11"
"ALG18","Player","Amine Gouiri","Algeria","Olympique Marseille","Forward","2000-02-16"
"ALG19","Player","Baghdad Bounedjah","Algeria","Al-Shamal","Forward","1991-11-24"
"ALG20","Player","Mohammed Amoura","Algeria","VfL Wolfsburg","Forward","2000-05-09"
"AUT1","Badge","Austria Team Crest","Austria","","",""
"AUT2","Player","Alexander Schlager","Austria","Red Bull Salzburg","Goalkeeper","1996-02-01"
"AUT3","Player","Patrick Pentz","Austria","Bayer Leverkusen","Goalkeeper","1997-01-02"
"AUT4","Player","David Alaba","Austria","Real Madrid","Defender","1992-06-24"
"AUT5","Player","Kevin Danso","Austria","Tottenham Hotspur","Defender","1998-09-19"
"AUT6","Player","Philipp Lienhart","Austria","SC Freiburg","Defender","1996-07-11"
"AUT7","Player","Stefan Posch","Austria","Bologna FC","Defender","1997-05-14"
"AUT8","Player","Phillipp Mwene","Austria","1. FSV Mainz 05","Defender","1994-01-29"
"AUT9","Player","Alexander Prass","Austria","TSG Hoffenheim","Midfielder","2001-05-26"
"AUT10","Player","Xaver Schlager","Austria","RB Leipzig","Midfielder","1997-09-28"
"AUT11","Player","Marcel Sabitzer","Austria","Borussia Dortmund","Midfielder","1994-03-17"
"AUT12","Player","Konrad Laimer","Austria","Bayern Munich","Midfielder","1997-05-27"
"AUT13","Photo","Austria Team Photo","Austria","","",""
"AUT14","Player","Florian Grillitsch","Austria","TSG Hoffenheim","Midfielder","1995-08-07"
"AUT15","Player","Nicolas Seiwald","Austria","RB Leipzig","Midfielder","2001-05-04"
"AUT16","Player","Romano Schmid","Austria","Werder Bremen","Midfielder","2000-01-27"
"AUT17","Player","Patrick Wimmer","Austria","VfL Wolfsburg","Forward","2001-05-30"
"AUT18","Player","Christoph Baumgartner","Austria","RB Leipzig","Midfielder","1999-08-01"
"AUT19","Player","Michael Gregoritsch","Austria","SC Freiburg","Forward","1994-04-18"
"AUT20","Player","Marko Arnautović","Austria","Inter Milan","Forward","1989-04-19"
"JOR1","Badge","Jordan Team Crest","Jordan","","",""
"JOR2","Player","Yazeed Abulaila","Jordan","Maan SC","Goalkeeper","1993-01-08"
"JOR3","Player","Ihsan Haddad","Jordan","Al-Hussein SC","Defender","1994-02-05"
"JOR4","Player","Mohammad Abu Hashish","Jordan","Al-Hussein SC","Defender","1995-05-09"
"JOR5","Player","Yazan Al-Arab","Jordan","Selangor FC","Defender","1996-01-31"
"JOR6","Player","Abdallah Nasib","Jordan","Al-Hussein SC","Defender","1994-02-25"
"JOR7","Player","Saleem Obaid","Jordan","Al-Hussein SC","Defender","1992-01-17"
"JOR8","Player","Mohammad Abualnadi","Jordan","Al-Hussein SC","Defender","2001-02-08"
"JOR9","Player","Ibrahim Saadeh","Jordan","Al-Hussein SC","Midfielder","2000-04-27"
"JOR10","Player","Nizar Al-Rashdan","Jordan","Al-Faisaly SC","Midfielder","1999-03-23"
"JOR11","Player","Noor Al-Rawabdeh","Jordan","Al-Hussein SC","Midfielder","1997-02-24"
"JOR12","Player","Mohannad Abu Taha","Jordan","Al-Wehdat","Forward","2003-02-02"
"JOR13","Photo","Jordan Team Photo","Jordan","","",""
"JOR14","Player","Amer Jamous","Jordan","Al-Hussein SC","Forward","2002-07-03"
"JOR15","Player","Mousa Al-Taamari","Jordan","Montpellier HSC","Forward","1997-06-10"
"JOR16","Player","Yazan Al-Naimat","Jordan","Al-Ahli Saudi FC","Forward","1999-06-04"
"JOR17","Player","Mahmoud Al-Mardi","Jordan","Al-Hussein SC","Forward","1993-10-06"
"JOR18","Player","Ali Olwan","Jordan","Al Jazira","Forward","2000-03-26"
"JOR19","Player","Mohammad Abu Zrayq","Jordan","Al-Ramtha","Forward","1997-12-30"
"JOR20","Player","Ibrahim Sabra","Jordan","Al-Wehdat","Forward","2006-02-01"
"POR1","Badge","Portugal Team Crest","Portugal","","",""
"POR2","Player","Diogo Costa","Portugal","FC Porto","Goalkeeper","1999-09-14"
"POR3","Player","José Sá","Portugal","Wolverhampton Wanderers","Goalkeeper","1993-01-17"
"POR4","Player","Rúben Dias","Portugal","Manchester City","Defender","1997-05-14"
"POR5","Player","João Cancelo","Portugal","FC Barcelona","Defender","1994-05-27"
"POR6","Player","Diogo Dalot","Portugal","Manchester United","Defender","1999-03-18"
"POR7","Player","Nuno Mendes","Portugal","Paris Saint-Germain","Defender","2002-06-19"
"POR8","Player","Gonçalo Inácio","Portugal","Sporting CP","Defender","2001-08-25"
"POR9","Player","Bernardo Silva","Portugal","Manchester City","Midfielder","1994-08-10"
"POR10","Player","Bruno Fernandes","Portugal","Manchester United","Midfielder","1994-09-08"
"POR11","Player","Rúben Neves","Portugal","Al-Hilal","Midfielder","1997-03-13"
"POR12","Player","Vitinha","Portugal","Paris Saint-Germain","Midfielder","2000-02-13"
"POR13","Photo","Portugal Team Photo","Portugal","","",""
"POR14","Player","João Neves","Portugal","Paris Saint-Germain","Midfielder","2004-09-27"
"POR15","Player","Cristiano Ronaldo","Portugal","Al-Nassr","Forward","1985-02-05"
"POR16","Player","Francisco Trincão","Portugal","Sporting CP","Forward","1999-12-29"
"POR17","Player","João Félix","Portugal","FC Barcelona","Forward","1999-11-10"
"POR18","Player","Gonçalo Ramos","Portugal","Paris Saint-Germain","Forward","2001-08-20"
"POR19","Player","Pedro Neto","Portugal","Chelsea","Forward","2000-03-09"
"POR20","Player","Rafael Leão","Portugal","AC Milan","Forward","1999-06-10"
"COD1","Badge","Congo DR Team Crest","DR Congo","","",""
"COD2","Player","Lionel Mpasi-Nzau","DR Congo","Rodez AF","Goalkeeper","1994-08-01"
"COD3","Player","Aaron Wan-Bissaka","DR Congo","West Ham United","Defender","1997-11-26"
"COD4","Player","Axel Tuanzebe","DR Congo","Burnley FC","Defender","1997-11-14"
"COD5","Player","Arthur Masuaku","DR Congo","Beşiktaş","Defender","1993-11-07"
"COD6","Player","Chancel Mbemba","DR Congo","Olympique Marseille","Defender","1994-08-08"
"COD7","Player","Joris Kayembe","DR Congo","KRC Genk","Defender","1994-08-08"
"COD8","Player","Charles Pickel","DR Congo","US Cremonese","Midfielder","1997-05-15"
"COD9","Player","Ngal'ayel Mukau","DR Congo","LOSC Lille","Midfielder","2004-11-03"
"COD10","Player","Edo Kayembe","DR Congo","Watford FC","Midfielder","1998-06-03"
"COD11","Player","Samuel Moutoussamy","DR Congo","Fortuna Sittard","Midfielder","1996-08-12"
"COD12","Player","Noah Sadiki","DR Congo","Sunderland AFC","Midfielder","2004-12-17"
"COD13","Photo","Congo DR Team Photo","DR Congo","","",""
"COD14","Player","Théo Bongonda","DR Congo","Spartak Moscow","Forward","1995-11-20"
"COD15","Player","Meschak Elia","DR Congo","BSC Young Boys","Forward","1997-08-06"
"COD16","Player","Yoane Wissa","DR Congo","Brentford FC","Forward","1996-09-03"
"COD17","Player","Brian Cipenga","DR Congo","CD Castellón","Forward","1998-03-11"
"COD18","Player","Fiston Mayele","DR Congo","Pyramids FC","Forward","1994-06-24"
"COD19","Player","Cédric Bakambu","DR Congo","Real Betis","Forward","1991-04-11"
"COD20","Player","Nathanaël Mbuku","DR Congo","Montpellier HSC","Forward","2002-03-16"
"UZB1","Badge","Uzbekistan Team Crest","Uzbekistan","","",""
"UZB2","Player","Utkir Yusupov","Uzbekistan","Navbahor Namangan","Goalkeeper","1991-01-04"
"UZB3","Player","Farrukh Sayfiev","Uzbekistan","Pakhtakor","Defender","1991-01-17"
"UZB4","Player","Sherzod Nasrullaev","Uzbekistan","FC Nasaf","Defender","1997-06-23"
"UZB5","Player","Umar Eshmurodov","Uzbekistan","Pakhtakor","Defender","1992-03-03"
"UZB6","Player","Husniddin Aliqulov","Uzbekistan","Çaykur Rizespor","Defender","1999-04-15"
"UZB7","Player","Rustam Ashurmatov","Uzbekistan","Rubin Kazan","Defender","1996-07-07"
"UZB8","Player","Khojiakbar Alijonov","Uzbekistan","Pakhtakor","Defender","1997-04-19"
"UZB9","Player","Abdukodir Khusanov","Uzbekistan","Manchester City","Defender","2004-02-29"
"UZB10","Player","Odiljon Hamrobekov","Uzbekistan","Pakhtakor","Midfielder","1996-02-13"
"UZB11","Player","Otabek Shukurov","Uzbekistan","Kayserispor","Midfielder","1996-06-22"
"UZB12","Player","Jamshid Iskanderov","Uzbekistan","Navbahor Namangan","Midfielder","1993-10-16"
"UZB13","Photo","Uzbekistan Team Photo","Uzbekistan","","",""
"UZB14","Player","Azizbek Turgunboev","Uzbekistan","Sivasspor","Forward","1994-10-01"
"UZB15","Player","Khojimat Erkinov","Uzbekistan","Al-Wehda","Forward","2001-05-29"
"UZB16","Player","Eldor Shomurodov","Uzbekistan","AS Roma","Forward","1995-06-29"
"UZB17","Player","Oston Urunov","Uzbekistan","Persepolis FC","Midfielder","2000-12-19"
"UZB18","Player","Jaloliddin Masharipov","Uzbekistan","Esteghlal FC","Midfielder","1993-09-01"
"UZB19","Player","Igor Sergeev","Uzbekistan","Pakhtakor","Forward","1993-04-30"
"UZB20","Player","Abbosbek Fayzullaev","Uzbekistan","CSKA Moscow","Midfielder","2003-10-03"
"COL1","Badge","Colombia Team Crest","Colombia","","",""
"COL2","Player","Camilo Vargas","Colombia","Atlas FC","Goalkeeper","1989-03-09"
"COL3","Player","David Ospina","Colombia","Atlético Nacional","Goalkeeper","1988-08-31"
"COL4","Player","Dávinson Sánchez","Colombia","Galatasaray","Defender","1996-06-12"
"COL5","Player","Yerry Mina","Colombia","Cagliari Calcio","Defender","1994-09-23"
"COL6","Player","Daniel Muñoz","Colombia","Crystal Palace","Defender","1996-05-26"
"COL7","Player","Johan Mojica","Colombia","RCD Mallorca","Defender","1992-08-21"
"COL8","Player","Jhon Lucumí","Colombia","Bologna FC","Defender","1998-01-26"
"COL9","Player","Santiago Arias","Colombia","Bahia","Defender","1992-03-13"
"COL10","Player","Jefferson Lerma","Colombia","Crystal Palace","Midfielder","1994-10-25"
"COL11","Player","Kevin Castaño","Colombia","River Plate","Midfielder","2000-09-29"
"COL12","Player","Richard Ríos","Colombia","SL Benfica","Midfielder","2000-06-02"
"COL13","Photo","Colombia Team Photo","Colombia","","",""
"COL14","Player","James Rodríguez","Colombia","Minnesota United FC","Midfielder","1991-07-12"
"COL15","Player","Juan Fernando Quintero","Colombia","River Plate","Midfielder","1993-01-18"
"COL16","Player","Jorge Carrascal","Colombia","Flamengo","Midfielder","1998-05-25"
"COL17","Player","Jhon Arias","Colombia","Palmeiras","Midfielder","1997-09-21"
"COL18","Player","Jhon Córdoba","Colombia","Krasnodar","Forward","1993-05-11"
"COL19","Player","Luis Suárez","Colombia","Sporting CP","Forward","1997-12-02"
"COL20","Player","Luis Díaz","Colombia","Bayern Munich","Forward","1997-01-13"
"ENG1","Badge","England Team Crest","England","","",""
"ENG2","Player","Jordan Pickford","England","Everton","Goalkeeper","1994-03-07"
"ENG3","Player","John Stones","England","Manchester City","Defender","1994-05-15"
"ENG4","Player","Marc Guéhi","England","Crystal Palace","Defender","2000-07-13"
"ENG5","Player","Ezri Konsa","England","Aston Villa","Defender","1997-10-23"
"ENG6","Player","Trent Alexander-Arnold","England","Real Madrid","Defender","1998-10-07"
"ENG7","Player","Reece James","England","Chelsea","Defender","1999-12-08"
"ENG8","Player","Dan Burn","England","Newcastle United","Defender","1992-05-09"
"ENG9","Player","Jordan Henderson","England","Brentford FC","Midfielder","1990-06-17"
"ENG10","Player","Declan Rice","England","Arsenal FC","Midfielder","1999-01-14"
"ENG11","Player","Jude Bellingham","England","Real Madrid","Midfielder","2003-06-29"
"ENG12","Player","Cole Palmer","England","Chelsea","Midfielder","2002-05-06"
"ENG13","Photo","England Team Photo","England","","",""
"ENG14","Player","Morgan Rogers","England","Aston Villa","Forward","2002-07-26"
"ENG15","Player","Anthony Gordon","England","Newcastle United","Forward","2001-02-24"
"ENG16","Player","Phil Foden","England","Manchester City","Midfielder","2000-05-28"
"ENG17","Player","Bukayo Saka","England","Arsenal FC","Forward","2001-09-05"
"ENG18","Player","Harry Kane","England","Bayern Munich","Forward","1993-07-28"
"ENG19","Player","Marcus Rashford","England","FC Barcelona","Forward","1997-10-31"
"ENG20","Player","Ollie Watkins","England","Aston Villa","Forward","1995-12-30"
"CRO1","Badge","Croatia Team Crest","Croatia","","",""
"CRO2","Player","Dominik Livaković","Croatia","Fenerbahçe","Goalkeeper","1995-01-09"
"CRO3","Player","Duje Ćaleta-Car","Croatia","Real Sociedad","Defender","1996-09-17"
"CRO4","Player","Joško Gvardiol","Croatia","Manchester City","Defender","2002-01-23"
"CRO5","Player","Josip Stanišić","Croatia","Bayern Munich","Defender","2000-04-02"
"CRO6","Player","Luka Vušković","Croatia","Westerlo","Defender","2007-02-24"
"CRO7","Player","Josip Šutalo","Croatia","Ajax","Defender","2000-02-28"
"CRO8","Player","Kristijan Jakić","Croatia","FC Augsburg","Midfielder","1997-05-14"
"CRO9","Player","Luka Modrić","Croatia","Real Madrid","Midfielder","1985-09-09"
"CRO10","Player","Mateo Kovačić","Croatia","Manchester City","Midfielder","1994-06-06"
"CRO11","Player","Martin Baturina","Croatia","Dinamo Zagreb","Midfielder","2003-02-16"
"CRO12","Player","Lovro Majer","Croatia","VfL Wolfsburg","Midfielder","1998-01-17"
"CRO13","Photo","Croatia Team Photo","Croatia","","",""
"CRO14","Player","Mario Pašalić","Croatia","Atalanta","Midfielder","1995-02-09"
"CRO15","Player","Petar Sučić","Croatia","Dinamo Zagreb","Midfielder","2003-10-25"
"CRO16","Player","Ivan Perišić","Croatia","PSV Eindhoven","Forward","1989-02-02"
"CRO17","Player","Marco Pašalić","Croatia","Orlando City","Forward","2000-09-14"
"CRO18","Player","Ante Budimir","Croatia","Osasuna","Forward","1991-07-22"
"CRO19","Player","Andrej Kramarić","Croatia","TSG Hoffenheim","Forward","1991-06-19"
"CRO20","Player","Franjo Ivanović","Croatia","Union Saint-Gilloise","Forward","2003-10-01"
"GHA1","Badge","Ghana Team Crest","Ghana","","",""
"GHA2","Player","Lawrence Ati-Zigi","Ghana","St. Gallen","Goalkeeper","1996-11-29"
"GHA3","Player","Tariq Lamptey","Ghana","Brighton & Hove Albion","Defender","2000-09-30"
"GHA4","Player","Mohammed Salisu","Ghana","AS Monaco","Defender","1999-04-17"
"GHA5","Player","Alidu Seidu","Ghana","Stade Rennais","Defender","2000-06-04"
"GHA6","Player","Alexander Djiku","Ghana","Fenerbahçe","Defender","1994-08-09"
"GHA7","Player","Gideon Mensah","Ghana","AJ Auxerre","Defender","1998-07-18"
"GHA8","Player","Caleb Yirenkyi","Ghana","FC Nordsjælland","Midfielder","2006-01-15"
"GHA9","Player","Abdul Fatawu Issahaku","Ghana","Leicester City","Midfielder","2004-03-08"
"GHA10","Player","Thomas Partey","Ghana","Arsenal FC","Midfielder","1993-06-13"
"GHA11","Player","Salis Abdul Samed","Ghana","Sunderland AFC","Midfielder","2000-03-26"
"GHA12","Player","Kamaldeen Sulemana","Ghana","Atalanta","Forward","2002-02-15"
"GHA13","Photo","Ghana Team Photo","Ghana","","",""
"GHA14","Player","Mohammed Kudus","Ghana","West Ham United","Midfielder","2000-08-02"
"GHA15","Player","Iñaki Williams","Ghana","Athletic Club","Forward","1994-06-15"
"GHA16","Player","Jordan Ayew","Ghana","Leicester City","Forward","1991-09-11"
"GHA17","Player","André Ayew","Ghana","Le Havre AC","Forward","1989-12-17"
"GHA18","Player","Joseph Paintsil","Ghana","LA Galaxy","Forward","1998-02-01"
"GHA19","Player","Osman Bukari","Ghana","Austin FC","Forward","1998-12-13"
"GHA20","Player","Antoine Semenyo","Ghana","AFC Bournemouth","Forward","2000-01-07"
"PAN1","Badge","Panama Team Crest","Panama","","",""
"PAN2","Player","Orlando Mosquera","Panama","Al-Fayha","Goalkeeper","1994-12-25"
"PAN3","Player","Luis Mejía","Panama","Nacional","Goalkeeper","1991-03-16"
"PAN4","Player","Fidel Escobar","Panama","Deportivo Saprissa","Defender","1995-01-09"
"PAN5","Player","Andrés Andrade","Panama","LASK","Defender","1998-10-16"
"PAN6","Player","Michael Amir Murillo","Panama","Olympique Marseille","Defender","1996-02-11"
"PAN7","Player","Eric Davis","Panama","Árabe Unido","Defender","1991-03-31"
"PAN8","Player","José Córdoba","Panama","Norwich City","Defender","2001-02-03"
"PAN9","Player","César Blackman","Panama","Slovan Bratislava","Defender","1998-04-26"
"PAN10","Player","Cristian Martínez","Panama","Al Jazira","Midfielder","1997-02-06"
"PAN11","Player","Aníbal Godoy","Panama","Nashville SC","Midfielder","1990-02-10"
"PAN12","Player","Adalberto Carrasquilla","Panama","Pumas UNAM","Midfielder","1998-11-28"
"PAN13","Photo","Panama Team Photo","Panama","","",""
"PAN14","Player","Édgar Bárcenas","Panama","Mazatlán","Midfielder","1993-10-23"
"PAN15","Player","Carlos Harvey","Panama","Minnesota United FC","Midfielder","2000-02-03"
"PAN16","Player","Ismael Díaz","Panama","Universidad Católica (Chile)","Forward","1997-05-12"
"PAN17","Player","José Fajardo","Panama","Universidad Católica (Chile)","Forward","1993-08-18"
"PAN18","Player","Cecilio Waterman","Panama","Alianza Lima","Forward","1991-04-13"
"PAN19","Player","José Luis Rodríguez","Panama","Famalicão","Forward","1998-06-19"
"PAN20","Player","Alberto Quintero","Panama","Sporting San Miguelito","Forward","1987-12-18"
"CC1","Coca-Cola Star","Lamine Yamal","Spain","FC Barcelona","Forward","2007-07-13"
"CC2","Coca-Cola Star","Joshua Kimmich","Germany","Bayern Munich","Midfielder","1995-02-08"
"CC3","Coca-Cola Star","Harry Kane","England","Bayern Munich","Forward","1993-07-28"
"CC4","Coca-Cola Star","Santiago Giménez","Mexico","AC Milan","Forward","2001-04-18"
"CC5","Coca-Cola Star","Antonee Robinson","United States","Fulham","Defender","1997-08-08"
"CC6","Coca-Cola Star","Jefferson Lerma","Colombia","Crystal Palace","Midfielder","1994-10-25"
"CC7","Coca-Cola Star","Edson Álvarez","Mexico","Fenerbahçe","Midfielder","1997-10-24"
"CC8","Coca-Cola Star","Virgil van Dijk","Netherlands","Liverpool FC","Defender","1991-07-08"
"CC9","Coca-Cola Star","Alphonso Davies","Canada","Bayern Munich","Defender","2000-11-02"
"CC10","Coca-Cola Star","Weston McKennie","United States","Juventus","Midfielder","1998-08-28"
"CC11","Coca-Cola Star","Lautaro Martínez","Argentina","Inter Milan","Forward","1997-08-22"
"CC12","Coca-Cola Star","Gabriel Magalhães","Brazil","Arsenal FC","Defender","1997-12-19"